-- MySQL Administrator dump 1.4
--
-- ------------------------------------------------------
-- Server version	5.1.50-community


/*!40101 SET @OLD_CHARACTER_SET_CLIENT=@@CHARACTER_SET_CLIENT */;
/*!40101 SET @OLD_CHARACTER_SET_RESULTS=@@CHARACTER_SET_RESULTS */;
/*!40101 SET @OLD_COLLATION_CONNECTION=@@COLLATION_CONNECTION */;
/*!40101 SET NAMES utf8 */;

/*!40014 SET @OLD_UNIQUE_CHECKS=@@UNIQUE_CHECKS, UNIQUE_CHECKS=0 */;
/*!40014 SET @OLD_FOREIGN_KEY_CHECKS=@@FOREIGN_KEY_CHECKS, FOREIGN_KEY_CHECKS=0 */;
/*!40101 SET @OLD_SQL_MODE=@@SQL_MODE, SQL_MODE='NO_AUTO_VALUE_ON_ZERO' */;


--
-- Create schema jeemoviesell
--

CREATE DATABASE IF NOT EXISTS jeemoviesell;
USE jeemoviesell;

--
-- Temporary table structure for view `v_showmoive`
--
DROP TABLE IF EXISTS `v_showmoive`;
DROP VIEW IF EXISTS `v_showmoive`;
CREATE TABLE `v_showmoive` (
  `smversion` varchar(20),
  `smlength` int(11),
  `stname` varchar(45),
  `smname` varchar(45),
  `sno` int(11),
  `tno` int(11),
  `mno` int(11),
  `shallno` int(11),
  `stime` datetime,
  `sprice` float,
  `sseatsatust1` varchar(45),
  `sseatsatust2` varchar(45),
  `sseatsatust3` varchar(45),
  `sseatsatust4` varchar(45),
  `sseatsatust5` varchar(45),
  `sseatsatust6` varchar(45),
  `sseatsatust7` varchar(45),
  `sseatsatust8` varchar(45),
  `sseatsatust9` varchar(45),
  `slanguage` varchar(10),
  `cno` int(11)
);

--
-- Definition of table `administraors`
--

DROP TABLE IF EXISTS `administraors`;
CREATE TABLE `administraors` (
  `ano` int(11) NOT NULL AUTO_INCREMENT,
  `aaccount` varchar(20) NOT NULL,
  `apass` varchar(20) NOT NULL,
  PRIMARY KEY (`ano`)
) ENGINE=InnoDB AUTO_INCREMENT=2 DEFAULT CHARSET=utf8 COMMENT='用于存放管理员的信息';

--
-- Dumping data for table `administraors`
--

/*!40000 ALTER TABLE `administraors` DISABLE KEYS */;
INSERT INTO `administraors` (`ano`,`aaccount`,`apass`) VALUES 
 (1,'admin','admin');
/*!40000 ALTER TABLE `administraors` ENABLE KEYS */;


--
-- Definition of table `cities`
--

DROP TABLE IF EXISTS `cities`;
CREATE TABLE `cities` (
  `cno` int(11) NOT NULL AUTO_INCREMENT,
  `cname` varchar(20) NOT NULL,
  `cprovince` varchar(20) NOT NULL,
  PRIMARY KEY (`cno`)
) ENGINE=InnoDB AUTO_INCREMENT=93 DEFAULT CHARSET=utf8 COMMENT='用于存放有电影院的城市';

--
-- Dumping data for table `cities`
--

/*!40000 ALTER TABLE `cities` DISABLE KEYS */;
INSERT INTO `cities` (`cno`,`cname`,`cprovince`) VALUES 
 (1,' 北京','北京'),
 (2,'天津','天津'),
 (3,'上海','上海'),
 (4,'哈尔滨','黑龙江'),
 (5,'石家庄','河北'),
 (6,'重庆','重庆'),
 (7,'济南','山东'),
 (8,'呼和浩特','内蒙古'),
 (9,'杭州','浙江'),
 (10,'广州','广东'),
 (11,'深圳','广东'),
 (12,'白山','吉林'),
 (13,'蚌埠','安徽'),
 (14,'包头','内蒙古'),
 (15,'保定','河北'),
 (16,'长春','吉林'),
 (17,'长沙','湖南'),
 (18,'常州','江苏'),
 (19,'郴州','湖南'),
 (20,'成都','四川'),
 (21,'赤峰','内蒙古'),
 (22,'大连','辽宁'),
 (23,'大庆','黑龙江'),
 (24,'大同','山西'),
 (25,'丹东','辽宁'),
 (26,'德阳','四川'),
 (27,'德州','山东'),
 (28,'东莞','广东'),
 (29,'佛山','广东'),
 (30,'福州','福建'),
 (31,'抚顺','辽宁'),
 (32,'贵阳','贵州'),
 (33,'海口','海南'),
 (34,'汉中','陕西'),
 (35,'合肥','安徽'),
 (36,'衡阳','湖南'),
 (37,'淮安','江苏'),
 (38,'淮北','安徽'),
 (39,'淮南','安徽'),
 (40,'惠州','广东'),
 (41,'吉林','长春'),
 (42,'济南','山东'),
 (43,'济宁','山东'),
 (44,'江阴','江苏'),
 (45,'金华','浙江'),
 (46,'晋城','山东'),
 (47,'晋江','福建'),
 (48,'荆州','湖北'),
 (49,'昆明','云南'),
 (50,'兰州','甘肃'),
 (51,'廊坊','河北'),
 (52,'龙岩','福建'),
 (53,'洛阳','河南'),
 (54,'马鞍山','安徽'),
 (55,'满洲里','内蒙古'),
 (56,'绵阳','四川'),
 (57,'南昌','江西'),
 (58,'南京','江苏'),
 (59,'南宁','广西'),
 (60,'南通','江苏'),
 (61,'宁波','浙江'),
 (62,'宁德','福建'),
 (63,'莆田','福建'),
 (64,'青岛','大连'),
 (65,'泉州','福建'),
 (66,'三亚','海南'),
 (67,'绍兴','浙江'),
 (68,'沈阳','辽宁'),
 (69,'寿光','山东'),
 (70,'苏州','江苏'),
 (71,'太仓','江苏'),
 (72,'泰州','江苏'),
 (73,'唐山','河北'),
 (74,'威海','山东'),
 (75,'潍坊','山东'),
 (76,'温州','浙江'),
 (77,'无锡','江苏'),
 (78,'芜湖','安徽'),
 (79,'武汉','湖北'),
 (80,'西安','陕西'),
 (81,'厦门','福建'),
 (82,'襄阳','湖北'),
 (83,'徐州','江苏'),
 (84,'宜昌','湖北'),
 (85,'宜兴','江苏'),
 (86,'银川','宁夏'),
 (87,'岳阳','湖南'),
 (88,'漳州','福建'),
 (89,'镇江','江苏'),
 (90,'郑州','河南'),
 (91,'株洲','湖南'),
 (92,'淄博','山东');
/*!40000 ALTER TABLE `cities` ENABLE KEYS */;


--
-- Definition of table `movies`
--

DROP TABLE IF EXISTS `movies`;
CREATE TABLE `movies` (
  `mno` int(11) NOT NULL AUTO_INCREMENT,
  `mname` varchar(45) NOT NULL,
  `mtype` varchar(45) NOT NULL,
  `mstarttime` date NOT NULL,
  `mendtime` date NOT NULL,
  `mroles` text NOT NULL,
  `mdirector` varchar(45) NOT NULL,
  `mcountry` varchar(20) NOT NULL,
  `mversion` varchar(20) NOT NULL,
  `mlength` int(11) NOT NULL,
  `minformation` text NOT NULL,
  `mlikerate` int(11) NOT NULL,
  `mpicpath` varchar(60) NOT NULL,
  `mspecial` varchar(30) NOT NULL,
  PRIMARY KEY (`mno`)
) ENGINE=InnoDB AUTO_INCREMENT=33 DEFAULT CHARSET=utf8 COMMENT='用于保存单个电影的详情信息';

--
-- Dumping data for table `movies`
--

/*!40000 ALTER TABLE `movies` DISABLE KEYS */;
INSERT INTO `movies` (`mno`,`mname`,`mtype`,`mstarttime`,`mendtime`,`mroles`,`mdirector`,`mcountry`,`mversion`,`mlength`,`minformation`,`mlikerate`,`mpicpath`,`mspecial`) VALUES 
 (1,'忍者神龟','动作/冒险/喜剧','2014-11-12','2014-11-26','梅根．福克斯 /威尔．阿奈特 /威廉．菲德内尔','乔纳森．理贝斯曼','美国','IMAX-3D',160,'本片由曾执导《洛杉矶之战》和《诸神之怒》的导演乔纳森．理贝斯曼担任导演，《变形金刚》系列导演迈克尔．贝出任监制，故事讲述的是，在犯罪和恐惧不断蔓延的城市里，史莱德和他所率领的邪恶大脚帮把警方和政客牢牢控制在魔掌中，未来的前景更是一片黑暗，直到离群索居的四位忍者神龟兄弟挺身而出。他们在一场变调的科学实验中存活了下来，从下水道崛起并...... ',99,'renzheshengui','真人版童年英雄势不可挡'),
 (2,'移动迷宫','动作/悬疑/科幻','2014-11-26','2014-11-26','迪伦．奥布莱恩 /卡雅．斯考达里奥 /托马斯．桑斯特 /威尔．保罗','韦斯．波尔','美国','IMAX-2D',113,'影片改编自詹姆斯．达什纳撰写的同名反乌托邦科幻小说三部曲的第一本。讲述了一个叫托马斯的男孩在电梯中醒来，他发现自己失忆了，除了名字什么都记不得。当电梯打开，他来到了一个陌生的地方“林间空地”( The Glade)。这里四周被高大的石头墙包围着，墙外有一群巨大的怪兽威胁着墙内人们的生命。墙内住着50位男孩，他们都被困在了绵延不绝的迷宫森林当中。一天，电梯为他们送来了一个女孩特雷莎，她是来到“林间空地”的第一个女孩。此后，迷宫逐渐开始发生变化，一切都陷入了混乱中，托马斯和特雷莎决定一起走上破解迷宫之路，找出迷宫背后令人不寒而栗的秘密。',99,'yidongmigong','看小鲜肉们如何突围'),
 (3,'宙斯之子','动作/冒险','2014-10-27','2014-12-05','道恩．强森 /伊恩．麦柯肖恩 /约翰．赫特 /约瑟夫．费因斯','布莱特．拉特纳','美国','IMAX-3D',98,'《宙斯之子：赫拉克勒斯》是根据史蒂夫．摩尔同名漫画改编，讲述古希腊神话中的大力神海格力斯的故事。\r\n　　赫拉克勒斯（道恩．强森 饰）是天神宙斯与底比斯王后所生的儿子。半人半神的他，自幼在凡尘中成长，饱受人世间的各种磨难。在误杀家人并完成十二件赎罪苦差之后，身心疲惫的他背弃诸神，以血腥残酷的战争麻醉自己。六名与他有相似经历的战友，全视战争及死亡为乐事。他们从不问为何征战，亦不会问要杀的是什么人；只在乎有多少奖金。这群悍将，受色雷斯国王邀请，要为他训练出史上最强的军队，与另一暴君作战。在重赏之下，他们欣然受命；但透过训练新军，他们终觉悟到自己罪孽深重，因此决定踏上充满荆棘的救赎之路...',99,'zhousizhizi','巨石强森血战妖兽'),
 (4,'银河护卫队','动作/科幻/冒险','2014-11-03','2014-10-29','克里斯．帕拉特 /布莱德利．库珀 /范．迪塞尔','詹姆斯．冈','美国','3D',121,'漫威新作《银河护卫队》讲述的是，为了预防银河系中可能发生的灾难，星爵（ Star-Lord）招募了一批星际英雄，将他们组建成“银河护卫队”。团队坐落于太空基地Knowhere，通过这里设置的传送装置，队员几乎可以到达宇宙的任何角落……自以为是的冒险家“星爵”彼得·奎尔在偷走一块神秘球体后成为赏金猎人的头号目标，原来邪恶反派罗南对...... ',99,'yinhehuweidui','不靠谱军团拯救银河系'),
 (5,'不能说的夏天','爱情/剧情','2014-10-26','2014-11-29','郭采洁 /徐若瑄 /贾静雯 /戴立忍 /周幼婷 /黄远 /柯素云','王维明','中国','2D',110,'从未见过父亲的白白（郭采洁 饰），23岁时独来到东部音乐学院求学，她想离开台北的桎梏，去追求渴望已久的独立与自由。她满怀欣喜的加入学校的乐团，追求艺术的心灵，享受着自由的味道。在学校，她遇见在台东长大的19岁学弟木宏（黄远 饰），木宏天生拥有的自由与单纯的灵魂，萌发了白白与 他之间青春爱情的躁动。\r\n　　学校音乐学院的李教授（戴立忍 饰），把毕生热情放在音乐上的他，在遇到学生白白之后，却唤起他对青春向往的欲念。利用手中的权利形成的封闭供生关系，让白白陷入错恋之间。一起校园师生恋迅速地成为人们茶馀饭后的谈资与网络上各自表白的激战。\r\n　　方律师（徐若瑄 饰）为了老朋友的托付，到了台东协助白白走出巨大的人生考验。这样让方律师的内心重燃的正义和情感，也让她与的她的老友，台东大学的王老师，重新解开了彼此的人生心结。',99,'bunengshuodexiatian','戴立忍郭采洁师生恋'),
 (6,'深夜前的五分钟','爱情/悬疑','2014-11-13','2014-11-28','刘诗诗 /三浦春马 /张孝全 /牛犇 /余娅 /王志华','行定勋','中国','2D',127,'阿良， 一个在上海学习修表的人，偶然邂逅了一个叫若兰的美丽女人。若兰有一个双胞胎姐妹，如玫，是一个已经跟制片人天伦订了婚的女演员。这对双胞胎姐妹从小就品味相同。她们之间也出奇地相似，偶尔还会假装成对方去迷惑阿良。但是，随着阿良跟若兰的接近，他开始意识到若兰内心的黑暗。若兰还爱着天伦，对如玫十分地嫉妒。阿良默默地接受这一切，他跟若兰成为了爱人。就在如玫婚礼之前，姐妹俩一起去国外旅行。在那儿，她们遭遇了意外，若兰死了。极度伤心的如玫独自回到了上海，重新开始她的演员工作，跟天伦结婚。阿良将他跟若兰的回忆埋藏在心底，恢复了单调的独居生活。一年后，天伦突然联系阿良。自从意外过后，天伦一直怀疑：意外死去的是如玫不是若兰，是不是回来的若兰从那以后一直在假装成如玫？感觉到天伦对她的小心翼翼，如玫自己也产生疑惑，不确定她自己的身份。阿良试图说服天伦“她”就是如玫，但是天伦最终还是离开了她。\r\n　　一段时间以后，“她”重新回到阿良身边。尽管阿良不能完全确定她到底是谁，他也一直对她的归来表示欢迎，减少她对自己身份的焦虑。拥抱着这样的温暖，她终于能安稳地睡下。',99,'shenyeqiande5fenzhong','诗诗分饰两角情挑双男神'),
 (7,'一个人的武林','动作/警匪','2014-11-13','2014-11-28','甄子丹 /王宝强 /杨采妮 /白冰 /方中信 /樊少皇 /释行宇 /姜大卫','陈德森','中国','3D',100,'一位在武林赫赫有名的高手突然死于非命，重案组主管陆玄心勘察犯罪现场发觉这位功夫了得的高手竟然是被人殴打致死的，与此同时，罪犯夏侯武在监狱中也看到了这位功夫高手毙命的新闻，即刻提出要见陆玄心，并告知她了一套武功口诀，陆玄心一头雾水，并未理会夏侯武。\r\n　　随后几天，数位在功夫领域数一数二的高手先后毙命，一切都按照夏侯武曾经说过的武功口诀的顺序，寻找各领域的功夫高手，即决胜负，也分生死。在陆玄心束手无策之时，夏侯武警觉凶手要血洗武林，主动请缨缉拿真凶，当抓捕渐渐逼近时，武功高强的罪犯让警方伤亡惨重，却又在此时发现夏侯武和凶手曾经相识……\r\n　　究竟谁才是真凶，凶手的目的究竟为何，功夫究竟是不是杀人技……陈德森导演继《十月围城》后时隔数年再度操刀，精心打造功夫大片《一个人的武林》，探寻武功之真谛。',99,'yigerendewulin','甄子丹再斗王宝强'),
 (9,'露水红颜','爱情/剧情','2014-11-09','2014-11-14','刘亦菲 /郑智薰 /陈冲 /王学兵 /安志杰 /邵峰 /李彦希 /孙海英 ','高希希','中国','2D',98,'根据张小娴小说改编、高希希导演转战大银幕的爱情电影《露水红颜》讲述的是，漂亮女生邢露，一个没落贵族的后代，只能像一个普通女孩一样飘泊。\r\n　　情动、邂逅、初恋、失恋，邢露有着任何女生成长的苦恼、辛酸、快乐与伤感，但在那间温馨而普通的咖啡店里，结识穷了困潦倒的年轻画家徐承勋，改变了她的一切，也让她生命的激情重燃熊熊火焰，一段甜美而浪漫的爱情之旅在脚下徐徐延伸……\r\n　　然而，这段如痴如醉的爱情却隐藏着惊天的秘密：天才画家徐承勋究竟来自哪里？他为何乐观而执著地拥抱贫穷？邢露与他的相识究竟，是无意邂逅还是精心安排？他们那刻骨铭心的爱情是否能白头偕老？她最后为何会令人心碎地客死他乡？',99,'lushuihongyan','刘亦菲Rain虐心恋情'),
 (10,'狙击时刻','动作/悬疑/犯罪','2014-11-03','2014-11-20','宋洋 /杨钧承 /王仲欣 /梦丽 /马强 /冉天','杨江','中国','2D',86,'《狙击时刻》作为中外联合制作的犯罪题材电影，讲述了精英狙击手被国际特工重创后一次卧薪尝胆的反击之战，展现了非比寻常的魔鬼训练及残酷的丛林作战，在枪林弹雨中追捕国际犯罪集团，上演了一出丛林探险、秘境追踪的好戏。',99,'jujishike','反恐特工反击之战'),
 (12,'等一个人咖啡','喜剧/爱情','2014-11-04','2014-11-13','赖雅妍 /宋芸桦 /布鲁斯 /张立昂 /蓝心湄 /李羅 /周慧敏','江金霖','中国','2D',119,'大学新鲜人思萤（宋芸桦 饰），来到“等一个人”咖啡店打工，结识了咖啡冲调技术高超，任何客人点的特调咖啡都能做得到的超酷拉子——阿不思（赖雅妍 饰）、每天都看似无所事事的神秘美丽老板娘（周慧敏 饰），和她的暗恋对象－喜欢坐在固定座位，看似身边女友不断的泽于（张立昂 饰）。\r\n　　在大学里拥有许多离奇传说的学长阿拓（布鲁斯 饰）和一群好友到“等一个人”喝咖啡，却碰上抢走他前女友的拉子——阿不思，很有正义感的思萤看不惯阿拓被好友们嘲笑而大骂对方，而和阿拓结为好友。开朗的阿拓热血又真诚，为了完成去环游世界的梦想到处打工，因此不断的延毕而成为校园中的传奇老学长。也因为打工认识了看似黑道大哥但其实曾是电影导演的热炒店老板暴哥（李羅 饰），以及拥有一身惊人厨艺的洗衣店老板娘金刀婶（蓝心湄 饰）。\r\n　　深深被思萤的正义感电到的阿拓，常常介绍他那些有趣的好朋友给思萤认识，思萤的生活也因为有阿拓而变得多彩多姿。思萤一直暗恋着泽于而只是把阿拓当成无话不谈的好朋友，直到阿拓决定要离开台湾，出国去实现梦想时，思萤才明白——原来她所等的人不是泽于，而是阿拓...',99,'dengyigerenkafei','纯真浪漫的逗趣青春'),
 (19,'冰川时代2：融冰之灾','动画/动作/冒险','2014-11-13','2014-11-26','雷．罗马诺 /约翰．雷吉扎莫 /丹尼斯．利瑞 /黄磊 /黄忆慈','卡洛斯．沙尔丹哈','美国','3D',91,'地球上的冰河期终于就快要结束了！面对一天天变暖的天气，动物们都欢欣鼓舞。万物回春的天气里，食物多种多样，生活无忧无虑……\r\n　　我们第一集的三个英雄迭戈（剑齿虎）、曼尼（猛犸）和希德（树獭）却在普世欢腾的气氛中察觉出了危机：随着地球逐渐变暖，水位正慢慢上升，照这个速度下去，动物们的家园很快将被淹没。\r\n　　于是，动物们在迭戈、曼尼和希德的带领下，又开始了找寻新家园的旅途。路上，除了欢笑连连，还有苦难多多。动物们最终能否克服困难，找到一个全新的天地？',99,'bingchuanshidai2','经典重温 黄磊父女献声'),
 (20,'诡替身','惊悚/恐怖','2014-11-17','2014-11-29','覃文静 /马文龙 /邱璐璠 /王伟 /王子强 /周翔 /母华常隆 /余浩瑞','李锦航','中国','2D',91,'影坛菜鸟——梅子，因为长相酷似当红影星冰冰而被请进《彼岸花》剧组成为冰冰替身，剧组里看似风平浪静，实则每人各怀鬼胎：咸湿的导演、猥琐的制片、娘炮的 化妆师……每个人都用自己的方式亲身示范梅子什么是“上位”“一脱成名”和“潜规则”！顶着巨大压力的梅子，更是经常在半夜看到一个咒怨般的白衣女子出 现，而这个血肉模糊的白衣女子别人竟然都看不见……\r\n　　一切似乎都如“彼岸花”的灵异花语——“地狱之花”般将梅子步步拽入死亡的深渊，梅子绝望崩溃之际，剧组男主角威廉却深深被梅子的独特气质所吸引，两人迅速坠入爱河，干柴烈火，欲罢不能……\r\n　　影星冰冰病愈回归剧组，发现自己昔日情人威廉竟然移情别恋和梅子卿卿我我，心痛不已。在和旧情人翻云覆雨、缠绵悱恻之后，冰冰发现还是无法挽回威廉的心，伤 心愤懑之余，更是挑衅要和梅子展开“撕逼大战”，誓将梅子赶出剧组！而此时，梅子却离奇地死亡了，剧组其他成员也接二连三地因为各种意外而死去，死态令人 毛骨悚然。让人窒息的灵异气氛在整个剧组蔓延开，大家人心惶惶，难道真有前世的诅咒？还是厉鬼复仇，孤魂索命...',99,'guitishen','揭秘剧组潜规则'),
 (21,'北回归线','喜剧/爱情','2014-11-17','2014-11-29','李治廷 /黄龄 /吴昕 /孙浩辰 /刘倬廷 /张艺泷 /蔡鹭 /崔宝月','郭爽 / 冯媛','中国','2D',96,'李明（李治廷 饰）是一位不折不扣的勾女高手，他常常使用雕虫小技便可得到美女的芳心。一次意外的遭遇使他陷入危机，为救出正牌女友觅觅（吴昕 饰）他必须跟随一名叫做阿隆（黄龄 饰）的阿细族女孩来到位于北回归线的云南红河州，并要在720小时内俘获她的芳心。不料，一向对追女胜券在握的李明反被女汉子阿隆玩弄于股掌之间，霎时，所有计策都成为手足无措。至此，“一代男神”李明毫无征兆地迎来了人生中最跌宕起伏的时刻...',99,'beihuiguixian','李治廷黄龄牵手卖萌'),
 (22,'痞子英雄','动作/犯罪/剧情','2014-11-11','2014-11-26','赵又廷 /林更新 /黄渤 /张钧甯 /修杰楷 /关颖 /邹承恩 /刘碧丽 ','蔡岳勋','中国','3D',126,'由蔡岳勋执导，赵又廷、林更新、黄渤领衔的动作电影《痞子英雄：黎明升起》是上部《痞子英雄：全面开展》故事的延续。《痞子英雄：黎明升起》讲述了连环爆炸案让海港城陷入瘫痪，警员吴英雄在查案途中与被绑成人肉炸弹的徐达夫再度相遇，不料二人却卷入敌人的毁灭计划中。与吴英雄性格迥异的东区分局警官陈真遇到身负重伤的吴英雄，试图携手摧毁敌人的毁灭计划。',99,'piziyingxiong','赵又廷林更新基情满满'),
 (23,'有一天','儿童','2014-11-10','2014-11-25','周迅 /韩庚 /冯绍峰 /袁姗姗 /张涵予 /安以轩 /徐帆 /斯琴高娃 ','李睿珺 /易小星','中国','2D',92,'影片由9个温暖励志的小故事组成，讲述9个弱势儿童群体追梦的故事。9个故事分别关注的是：贫困儿童、读写困难儿童、智障儿童、被拐卖儿童、盲童、肥胖儿童、聋哑儿童、少数民族留守儿童、服刑人员子女。\r\n　　《有一天》包含的九支短片：\r\n　　《独唱乐团》-聋哑儿童 他们住在寂静无声的世界里，却能唱出最纯粹的歌。\r\n　　《疯狂的面包》-智障儿童 他们终其一生都无法长大，但他们也拥有自己的悲伤快乐。\r\n　　《回家的路》-被拐卖儿童 他们现在流落街头，但他们也曾是父母心头的宝贝。\r\n　　《看不见的画》-视力障碍儿童 他们住在黑暗无光的世界里，却可能比我们看到更多。\r\n　　《小笨蛋日记》-读写困难儿童 他们不会读课文，不会写作业，却可能是个小天才。\r\n　　《太阳会飞》-服刑人员子女 他们的父母在接受惩罚，但他们依然值得被疼爱。\r\n　　《小小电影院》-贫困儿童 他们的生活中少有光影故事，但他们依然有权利放飞梦想。\r\n　　《秋扎》-肥胖儿童 他们的生活或许沉重，但如果给他们多一些关注，他们也会散发光彩。\r\n　　《礼物》-留守儿童 他们的语言已经行将消失，但他们的文化依然是不一样的烟火。',99,'youyitian','群星0片酬出演献给孩子'),
 (24,'食人虫','惊悚/剧情','2014-11-10','2014-11-25','夏梓桐 /张梓琳 /王传君 /丁春诚','严嘉','中国','3D',83,'未来时代，人类对于蛋白质的需求巨大，导致全球进入人工蛋白质飞速发展时期。一位狂热的外国基因科学家Jams在研究一种能提供大量高质量、低成本营养蛋白的“超级昆虫”。然而人类贪婪狂妄的心智导致母虫繁殖失控，无数虫子冲破试管无限繁殖，超级昆虫吞噬科学家继而进化为巨型怪物。被怪物繁殖出的无数食人虫潜入大海，至此被人类吞噬的高蛋白虫子掀起一场反噬人类的复仇大战，灾难一触即发。\r\n　　另一边，海天盛筵般的品牌发布会举办的如火如荼，型男辣妹猎艳狂欢，极度诱惑妖冶上演。后知后觉的人类并不知复仇的食人虫向他们逼近，死亡近在眼前。食人虫怪的不停繁殖，以及虫群在海底的吞噬扩张终于引发了巨大海啸。上一秒还沉浸在美酒辣妹诱惑中的人潮即刻被虫群撕咬、吞噬，酒池肉林变成血海尸丛，虫群的复仇行动席卷了整片海域，海边一片狼藉惨象。与此同时，几对冒险欲旺盛的俊男靓女从游轮上跳到母虫诞生的实验船。虫怪boss和人类的终极猎杀拉开帷幕，另一方面，踏上死亡之船的人也意识到如果不消灭食人虫怪，人类将面临灭顶之灾，一场人虫大战的血雨厮杀就此展开...',99,'shirenchong','食人虫怪 暴虐而来'),
 (25,'求爱大作战','喜剧/爱情','2014-11-11','2014-11-26','沈震轩 /陈奂仁 /张建声 /连诗雅 /蒋家旻 /吴若希','叶念琛','中国香港','2D',91,'马伟雄（沈震轩饰）、陈永胜(张建声饰）、叶礼信（陈奂仁饰）是都市中非常典型的三种男人。一个是乖乖听女人话的闷骚文艺宅男，一个是流连夜店阅女无数的职场型男，一个是斤斤计较喜欢算计的理财抠男。三个不相干的人在共同的前女友的追悼会上相识，酒过三巡成为朋友，面对生活中焦头烂额的感情问题，三男互相出谋划策鼎力配合，进行了一场匪夷所思的求爱大战。',99,'qiuaidazuozhan','荤素搭配有笑有料'),
 (26,'马达加斯加的企鹅','喜剧/动画/冒险','2014-11-14','2014-11-29','汤姆．麦格拉思 /克里斯．米勒 /克里斯多夫．奈茨 /本尼迪克特','埃里克．达尼尔 / 西蒙．J．史密斯','美国','3D',93,'《马达加斯加》系列电影中最令人忍俊不禁的，绝对要属那4只企鹅了。此次美国梦工场将这几只人气“萌物”作为主角拍摄成电影，由此诞生了《马达加斯加的企鹅》。\r\n　　对在纽约的多数人而言Skipper，Kowalski，Rico和Private只不过是四只住在中央公园动物园的可爱企鹅。这也正是他们故意留给别人的印象。为什么呢？因为这些看似平静温和的企鹅其实是一群有着无可匹敌的突击能力的“精英力量”。他们的使命是什么？——维护动物园的秩序的同时到处“招惹是非”。而这次他们的敌人又是何方神圣呢？令人讨厌的“章鱼博士”。多年前，章鱼戴夫曾经是动物园里最受欢迎的明星，但自从企鹅们出现以后，再也没有人看戴夫的表演。从此他只能辗转与各大动物园。后来戴夫决定要对企鹅们进行报复。他制造了“美杜莎液体”想把企鹅们变成怪物。在Skipper的带领下，4只企鹅为了对抗这个自以为是的“紫色坏蛋”，在“执行任务”的过程中笑料百出、欢乐不断，他们需要和神秘的“北风”特工局合作，通过聪明才智和团队合作一起击败“章鱼博士”，拯救所有企鹅。',99,'madajiasijiadeqie','呆萌企鹅的逗趣冒险'),
 (27,'全城通缉','悬疑/ 剧情','2014-11-06','2014-11-21','刘烨 /赵文卓 /秋瓷炫 /古力娜扎 /薛皓文 /辉灿 /马浴柯 /吴佩柔','汪涛','中国','2D',104,'故事起于一桩凶案，凶手正是十年前被警方击毙的女人。十年前不曾发现的一则重要线索浮出水面，十年前的旧事与十年后的杀人到底存在什么关联？这一切又似乎回到原点。刘烨扮演的唐越被迫介入系列调查，牵扯出一段跨度长达10年的纠葛，他与赵文卓扮演的邵云峰又会发生怎样的故事，两个同样痛失所爱的男人，最终的对决，背后，关乎一个令人震惊的秘密，在生与死、爱与恨、正与邪、黑与白、善与恶、真相与谎言中发生大逆转...',99,'quanchengtongji','刘烨赵文卓双雄对决'),
 (28,'狂野非洲','纪录片','2014-11-07','2014-11-22','凯文．理查德森 /玛拉．道格拉斯-汉密尔顿','本．斯塔森','法国/比利时','3D',86,'导演本．斯塔森和摄影师肖恩．麦克劳德．菲利普斯回到非洲南部，开始了一次全新的冒险之旅。被称作“狮语者”的动物行为学家凯文．理查德森与从小与大象一起长大的玛拉．道格拉斯．汉密尔顿带领观众以旅行的方式穿过了地球上景色最壮丽的地方：从纳米比亚风景如画的海岸沙丘的沙漠，路过堪称自然奇观的火山口，到达叹为观止的维多利亚瀑布和乞力马扎罗之巅。\r\n　　在这次旅程中，你能与狮子、猎豹、美洲豹、黑犀牛和大象们近距离的亲密接触。这是一辈子一次的旅行，所以让我们做好准备，一起进入真正的没有围墙保护的非洲原野。',99,'kuangyefeizhou','感受来自非洲的野性魅力'),
 (29,'单身男女2','爱情/剧情','2014-11-11','2014-11-26','古天乐 /杨千嬅 /高圆圆 /周渝民 /吴彦祖 /林雪','杜琪峰','中国','2D',113,'当“地球男”张申然（古天乐 饰）向程子欣（高圆圆 饰）求婚失败，不敌“火星男”方启宏（吴彦祖 饰）后，张申然选择潇洒离开，重返情场，而程子欣亦跟方启宏快快乐乐地生活……这是《单身男女》第一集童话式的结尾，现实世界，故事未完，三人的情感瓜葛在微妙机缘下重遇，再度陷入纠缠。\r\n　　离开程子欣后，张申然遇上在对面大厦上班的“女股神”杨鸯鸯（杨千嬅饰），二人火速展开恋情。两位性格相近，杨鸯鸯更对男方的花心行径采取只眼开只眼闭。直至遇上“法国男”程子建（周渝民饰），其浪漫痴情，令杨鸯鸯为之心动。申然恐怕失爱悲剧重演，欲和鸯鸯速定终身。天意弄人，子欣一直仰慕股神鸯鸯在股坛上呼风唤雨，早已应征旗下公司，并成为鸯鸯下属。程子欣再次在申然眼前出现，令他方寸大乱。因为看似花心豁达的申然，实则情伤不浅，这趟伤口多年来其实未愈合过……更意想不到是，方启宏在这刻竟向未婚妻大方承诺，让她再拣一次。\r\n　　子建痴心鸯鸯、鸯鸯苦等申然、申然难忘子欣、子欣待嫁启宏。五个男女，四段感情，最爱是谁？',99,'danshennannv2','渣男大战暖男第二回'),
 (31,'测试1','动作','2014-11-19','2014-11-29','主角','导演','国家','IMAX-3D',120,'暂无',99,'ceshi','暂无'),
 (32,'测试2','喜剧','2014-11-20','2014-11-28','主','到','国家','IMAX-3D',90,'暂无',99,'ceshi2','暂无');
/*!40000 ALTER TABLE `movies` ENABLE KEYS */;


--
-- Definition of table `showmoive`
--

DROP TABLE IF EXISTS `showmoive`;
CREATE TABLE `showmoive` (
  `sno` int(11) NOT NULL AUTO_INCREMENT,
  `tno` int(11) DEFAULT NULL,
  `mno` int(11) DEFAULT NULL,
  `shallno` int(11) NOT NULL,
  `stime` datetime NOT NULL,
  `sprice` float NOT NULL,
  `sseatsatust1` varchar(45) NOT NULL,
  `sseatsatust2` varchar(45) NOT NULL,
  `sseatsatust3` varchar(45) NOT NULL,
  `sseatsatust4` varchar(45) NOT NULL,
  `sseatsatust5` varchar(45) NOT NULL,
  `sseatsatust6` varchar(45) NOT NULL,
  `sseatsatust7` varchar(45) NOT NULL,
  `sseatsatust8` varchar(45) NOT NULL,
  `sseatsatust9` varchar(45) NOT NULL,
  `slanguage` varchar(10) NOT NULL,
  PRIMARY KEY (`sno`),
  KEY `FK_MNO` (`mno`),
  KEY `FK_TNO` (`tno`),
  CONSTRAINT `FK_MNO` FOREIGN KEY (`mno`) REFERENCES `movies` (`mno`) ON DELETE NO ACTION ON UPDATE NO ACTION,
  CONSTRAINT `FK_TNO` FOREIGN KEY (`tno`) REFERENCES `theatres` (`tno`) ON DELETE NO ACTION ON UPDATE NO ACTION
) ENGINE=InnoDB AUTO_INCREMENT=445 DEFAULT CHARSET=utf8 COMMENT='用于保存电影放映相关信息';

--
-- Dumping data for table `showmoive`
--

/*!40000 ALTER TABLE `showmoive` DISABLE KEYS */;
INSERT INTO `showmoive` (`sno`,`tno`,`mno`,`shallno`,`stime`,`sprice`,`sseatsatust1`,`sseatsatust2`,`sseatsatust3`,`sseatsatust4`,`sseatsatust5`,`sseatsatust6`,`sseatsatust7`,`sseatsatust8`,`sseatsatust9`,`slanguage`) VALUES 
 (83,1,1,1,'2014-11-17 08:30:00',100,'2-2-2-2-2-2-2-2-2-2-2-2-2-2-2-2','2-2-2-2-2-2-2-2-2-2-2-2-2-2-2-2','2-2-2-2-2-2-2-2-2-2-2-2-2-2-2-2','2-2-2-2-2-2-2-2-2-2-2-2-2-2-2-2','2-2-2-2-2-2-2-2-2-2-2-2-2-2-2-2','2-2-2-2-2-2-2-2-2-2-2-2-2-2-2-2','2-2-2-2-2-2-2-2-2-2-2-2-2-2-2-2','2-2-2-2-2-2-2-2-2-2-2-2-2-2-2-2','2-2-2-2-2-2-2-2-2-2-2-2-2-2-2-2','中英'),
 (84,1,2,2,'2014-11-17 08:30:00',100,'2-2-2-2-2-2-2-2-2-2-2-2-2-2-2-2','2-2-2-2-2-2-2-2-2-2-2-2-2-2-2-2','2-2-2-2-2-2-2-2-2-2-2-2-2-2-2-2','2-2-2-2-2-2-2-2-2-2-2-2-2-2-2-2','2-2-2-2-2-2-2-2-2-2-2-2-2-2-2-2','2-2-2-2-2-2-2-2-2-2-2-2-2-2-2-2','2-2-2-2-2-2-2-2-2-2-2-2-2-2-2-2','2-2-2-2-2-2-2-2-2-2-2-2-2-2-2-2','2-2-2-2-2-2-2-2-2-2-2-2-2-2-2-2','中英'),
 (85,1,3,3,'2014-11-17 08:30:00',100,'2-2-2-2-2-2-2-2-2-2-2-2-2-2-2-2','2-2-2-2-2-2-2-2-2-2-2-2-2-2-2-2','2-2-2-2-2-2-2-2-2-2-2-2-2-2-2-2','2-2-2-2-2-2-2-2-2-2-2-2-2-2-2-2','2-2-2-2-2-2-2-2-2-2-2-2-2-2-2-2','2-2-2-2-2-2-2-2-2-2-2-2-2-2-2-2','2-2-2-2-2-2-2-2-2-2-2-2-2-2-2-2','2-2-2-2-2-2-2-2-2-2-2-2-2-2-2-2','2-2-2-2-2-2-2-2-2-2-2-2-2-2-2-2','中英'),
 (86,1,4,4,'2014-11-17 08:30:00',100,'2-2-2-2-2-2-2-2-2-2-2-2-2-2-2-2','2-2-2-2-2-2-2-2-2-2-2-2-2-2-2-2','2-2-2-2-2-2-2-2-2-2-2-2-2-2-2-2','2-2-2-2-2-2-2-2-2-2-2-2-2-2-2-2','2-2-2-2-2-2-2-2-2-2-2-2-2-2-2-2','2-2-2-2-2-2-2-2-2-2-2-2-2-2-2-2','2-2-2-2-2-2-2-2-2-2-2-2-2-2-2-2','2-2-2-2-2-2-2-2-2-2-2-2-2-2-2-2','2-2-2-2-2-2-2-2-2-2-2-2-2-2-2-2','中英'),
 (87,1,5,5,'2014-11-17 08:30:00',60,'2-2-2-2-2-2-2-2-2-2-2-2-2-2-2-2','2-2-2-2-2-2-2-2-2-2-2-2-2-2-2-2','2-2-2-2-2-2-2-2-2-2-2-2-2-2-2-2','2-2-2-2-2-2-2-2-2-2-2-2-2-2-2-2','2-2-2-2-2-2-2-2-2-2-2-2-2-2-2-2','2-2-2-2-2-2-2-2-2-2-2-2-2-2-2-2','2-2-2-2-2-2-2-2-2-2-2-2-2-2-2-2','2-2-2-2-2-2-2-2-2-2-2-2-2-2-2-2','2-2-2-2-2-2-2-2-2-2-2-2-2-2-2-2','国语'),
 (88,1,6,6,'2014-11-17 08:30:00',60,'2-2-2-2-2-2-2-2-2-2-2-2-2-2-2-2','2-2-2-2-2-2-2-2-2-2-2-2-2-2-2-2','2-2-2-2-2-2-2-2-2-2-2-2-2-2-2-2','2-2-2-2-2-2-2-2-2-2-2-2-2-2-2-2','2-2-2-2-2-2-2-2-2-2-2-2-2-2-2-2','2-2-2-2-2-2-2-2-2-2-2-2-2-2-2-2','2-2-2-2-2-2-2-2-2-2-2-2-2-2-2-2','2-2-2-2-2-2-2-2-2-2-2-2-2-2-2-2','2-2-2-2-2-2-2-2-2-2-2-2-2-2-2-2','国语'),
 (89,1,7,7,'2014-11-17 08:30:00',60,'2-2-2-2-2-2-2-2-2-2-2-2-2-2-2-2','2-2-2-2-2-2-2-2-2-2-2-2-2-2-2-2','2-2-2-2-2-2-2-2-2-2-2-2-2-2-2-2','2-2-2-2-2-2-2-2-2-2-2-2-2-2-2-2','2-2-2-2-2-2-2-2-2-2-2-2-2-2-2-2','2-2-2-2-2-2-2-2-2-2-2-2-2-2-2-2','2-2-2-2-2-2-2-2-2-2-2-2-2-2-2-2','2-2-2-2-2-2-2-2-2-2-2-2-2-2-2-2','2-2-2-2-2-2-2-2-2-2-2-2-2-2-2-2','国语'),
 (90,1,9,8,'2014-11-17 08:30:00',60,'2-2-2-2-2-2-2-2-2-2-2-2-2-2-2-2','2-2-2-2-2-2-2-2-2-2-2-2-2-2-2-2','2-2-2-2-2-2-2-2-2-2-2-2-2-2-2-2','2-2-2-2-2-2-2-2-2-2-2-2-2-2-2-2','2-2-2-2-2-2-2-2-2-2-2-2-2-2-2-2','2-2-2-2-2-2-2-2-2-2-2-2-2-2-2-2','2-2-2-2-2-2-2-2-2-2-2-2-2-2-2-2','2-2-2-2-2-2-2-2-2-2-2-2-2-2-2-2','2-2-2-2-2-2-2-2-2-2-2-2-2-2-2-2','国语'),
 (91,1,2,1,'2014-11-17 11:00:00',100,'2-2-2-2-2-2-2-2-2-2-2-2-2-2-2-2','2-2-2-2-2-2-2-2-2-2-2-2-2-2-2-2','2-2-2-2-2-2-2-2-2-2-2-2-2-2-2-2','2-2-2-2-2-2-2-2-2-2-2-2-2-2-2-2','2-2-2-2-2-2-2-2-2-2-2-2-2-2-2-2','2-2-2-2-2-2-2-2-2-2-2-2-2-2-2-2','2-2-2-2-2-2-2-2-2-2-2-2-2-2-2-2','2-2-2-2-2-2-2-2-2-2-2-2-2-2-2-2','2-2-2-2-2-2-2-2-2-2-2-2-2-2-2-2','中英'),
 (92,1,3,2,'2014-11-17 11:00:00',100,'2-2-2-2-2-2-2-2-2-2-2-2-2-2-2-2','2-2-2-2-2-2-2-2-2-2-2-2-2-2-2-2','2-2-2-2-2-2-2-2-2-2-2-2-2-2-2-2','2-2-2-2-2-2-2-2-2-2-2-2-2-2-2-2','2-2-2-2-2-2-2-2-2-2-2-2-2-2-2-2','2-2-2-2-2-2-2-2-2-2-2-2-2-2-2-2','2-2-2-2-2-2-2-2-2-2-2-2-2-2-2-2','2-2-2-2-2-2-2-2-2-2-2-2-2-2-2-2','2-2-2-2-2-2-2-2-2-2-2-2-2-2-2-2','中英'),
 (93,1,4,3,'2014-11-17 11:00:00',100,'2-2-2-2-2-2-2-2-2-2-2-2-2-2-2-2','2-2-2-2-2-2-2-2-2-2-2-2-2-2-2-2','2-2-2-2-2-2-2-2-2-2-2-2-2-2-2-2','2-2-2-2-2-2-2-2-2-2-2-2-2-2-2-2','2-2-2-2-2-2-2-2-2-2-2-2-2-2-2-2','2-2-2-2-2-2-2-2-2-2-2-2-2-2-2-2','2-2-2-2-2-2-2-2-2-2-2-2-2-2-2-2','2-2-2-2-2-2-2-2-2-2-2-2-2-2-2-2','2-2-2-2-2-2-2-2-2-2-2-2-2-2-2-2','中英'),
 (94,1,5,4,'2014-11-17 11:00:00',60,'2-2-2-2-2-2-2-2-2-2-2-2-2-2-2-2','2-2-2-2-2-2-2-2-2-2-2-2-2-2-2-2','2-2-2-2-2-2-2-2-2-2-2-2-2-2-2-2','2-2-2-2-2-2-2-2-2-2-2-2-2-2-2-2','2-2-2-2-2-2-2-2-2-2-2-2-2-2-2-2','2-2-2-2-2-2-2-2-2-2-2-2-2-2-2-2','2-2-2-2-2-2-2-2-2-2-2-2-2-2-2-2','2-2-2-2-2-2-2-2-2-2-2-2-2-2-2-2','2-2-2-2-2-2-2-2-2-2-2-2-2-2-2-2','国语'),
 (95,1,6,5,'2014-11-17 11:00:00',60,'2-2-2-2-2-2-2-2-2-2-2-2-2-2-2-2','2-2-2-2-2-2-2-2-2-2-2-2-2-2-2-2','2-2-2-2-2-2-2-2-2-2-2-2-2-2-2-2','2-2-2-2-2-2-2-2-2-2-2-2-2-2-2-2','2-2-2-2-2-2-2-2-2-2-2-2-2-2-2-2','2-2-2-2-2-2-2-2-2-2-2-2-2-2-2-2','2-2-2-2-2-2-2-2-2-2-2-2-2-2-2-2','2-2-2-2-2-2-2-2-2-2-2-2-2-2-2-2','2-2-2-2-2-2-2-2-2-2-2-2-2-2-2-2','国语'),
 (96,1,7,6,'2014-11-17 11:00:00',60,'2-2-2-2-2-2-2-2-2-2-2-2-2-2-2-2','2-2-2-2-2-2-2-2-2-2-2-2-2-2-2-2','2-2-2-2-2-2-2-2-2-2-2-2-2-2-2-2','2-2-2-2-2-2-2-2-2-2-2-2-2-2-2-2','2-2-2-2-2-2-2-2-2-2-2-2-2-2-2-2','2-2-2-2-2-2-2-2-2-2-2-2-2-2-2-2','2-2-2-2-2-2-2-2-2-2-2-2-2-2-2-2','2-2-2-2-2-2-2-2-2-2-2-2-2-2-2-2','2-2-2-2-2-2-2-2-2-2-2-2-2-2-2-2','国语'),
 (97,1,9,7,'2014-11-17 11:00:00',60,'2-2-2-2-2-2-2-2-2-2-2-2-2-2-2-2','2-2-2-2-2-2-2-2-2-2-2-2-2-2-2-2','2-2-2-2-2-2-2-2-2-2-2-2-2-2-2-2','2-2-2-2-2-2-2-2-2-2-2-2-2-2-2-2','2-2-2-2-2-2-2-2-2-2-2-2-2-2-2-2','2-2-2-2-2-2-2-2-2-2-2-2-2-2-2-2','2-2-2-2-2-2-2-2-2-2-2-2-2-2-2-2','2-2-2-2-2-2-2-2-2-2-2-2-2-2-2-2','2-2-2-2-2-2-2-2-2-2-2-2-2-2-2-2','国语'),
 (98,1,1,8,'2014-11-17 11:00:00',100,'2-2-2-2-2-2-2-2-2-2-2-2-2-2-2-2','2-2-2-2-2-2-2-2-2-2-2-2-2-2-2-2','2-2-2-2-2-2-2-2-2-2-2-2-2-2-2-2','2-2-2-2-2-2-2-2-2-2-2-2-2-2-2-2','2-2-2-2-2-2-2-2-2-2-2-2-2-2-2-2','2-2-2-2-2-2-2-2-2-2-2-2-2-2-2-2','2-2-2-2-2-2-2-2-2-2-2-2-2-2-2-2','2-2-2-2-2-2-2-2-2-2-2-2-2-2-2-2','2-2-2-2-2-2-2-2-2-2-2-2-2-2-2-2','中英'),
 (99,1,3,1,'2014-11-17 13:30:00',100,'2-2-2-2-2-2-2-2-2-2-2-2-2-2-2-2','2-2-2-2-2-2-2-2-2-2-2-2-2-2-2-2','2-2-2-2-2-2-2-2-2-2-2-2-2-2-2-2','2-2-2-2-2-2-2-2-2-2-2-2-2-2-2-2','2-2-2-2-2-2-2-2-2-2-2-2-2-2-2-2','2-2-2-2-2-2-2-2-2-2-2-2-2-2-2-2','2-2-2-2-2-2-2-2-2-2-2-2-2-2-2-2','2-2-2-2-2-2-2-2-2-2-2-2-2-2-2-2','2-2-2-2-2-2-2-2-2-2-2-2-2-2-2-2','中英'),
 (100,1,4,2,'2014-11-17 13:30:00',100,'2-2-2-2-2-2-2-2-2-2-2-2-2-2-2-2','2-2-2-2-2-2-2-2-2-2-2-2-2-2-2-2','2-2-2-2-2-2-2-2-2-2-2-2-2-2-2-2','2-2-2-2-2-2-2-2-2-2-2-2-2-2-2-2','2-2-2-2-2-2-2-2-2-2-2-2-2-2-2-2','2-2-2-2-2-2-2-2-2-2-2-2-2-2-2-2','2-2-2-2-2-2-2-2-2-2-2-2-2-2-2-2','2-2-2-2-2-2-2-2-2-2-2-2-2-2-2-2','2-2-2-2-2-2-2-2-2-2-2-2-2-2-2-2','中英'),
 (101,1,5,3,'2014-11-17 13:30:00',60,'2-2-2-2-2-2-2-2-2-2-2-2-2-2-2-2','2-2-2-2-2-2-2-2-2-2-2-2-2-2-2-2','2-2-2-2-2-2-2-2-2-2-2-2-2-2-2-2','2-2-2-2-2-2-2-2-2-2-2-2-2-2-2-2','2-2-2-2-2-2-2-2-2-2-2-2-2-2-2-2','2-2-2-2-2-2-2-2-2-2-2-2-2-2-2-2','2-2-2-2-2-2-2-2-2-2-2-2-2-2-2-2','2-2-2-2-2-2-2-2-2-2-2-2-2-2-2-2','2-2-2-2-2-2-2-2-2-2-2-2-2-2-2-2','国语'),
 (102,1,6,4,'2014-11-17 13:30:00',60,'2-2-2-2-2-2-2-2-2-2-2-2-2-2-2-2','2-2-2-2-2-2-2-2-2-2-2-2-2-2-2-2','2-2-2-2-2-2-2-2-2-2-2-2-2-2-2-2','2-2-2-2-2-2-2-2-2-2-2-2-2-2-2-2','2-2-2-2-2-2-2-2-2-2-2-2-2-2-2-2','2-2-2-2-2-2-2-2-2-2-2-2-2-2-2-2','2-2-2-2-2-2-2-2-2-2-2-2-2-2-2-2','2-2-2-2-2-2-2-2-2-2-2-2-2-2-2-2','2-2-2-2-2-2-2-2-2-2-2-2-2-2-2-2','国语'),
 (103,1,7,5,'2014-11-17 13:30:00',60,'2-2-2-2-2-2-2-2-2-2-2-2-2-2-2-2','2-2-2-2-2-2-2-2-2-2-2-2-2-2-2-2','2-2-2-2-2-2-2-2-2-2-2-2-2-2-2-2','2-2-2-2-2-2-2-2-2-2-2-2-2-2-2-2','2-2-2-2-2-2-2-2-2-2-2-2-2-2-2-2','2-2-2-2-2-2-2-2-2-2-2-2-2-2-2-2','2-2-2-2-2-2-2-2-2-2-2-2-2-2-2-2','2-2-2-2-2-2-2-2-2-2-2-2-2-2-2-2','2-2-2-2-2-2-2-2-2-2-2-2-2-2-2-2','国语'),
 (104,1,9,6,'2014-11-17 13:30:00',60,'2-2-2-2-2-2-2-2-2-2-2-2-2-2-2-2','2-2-2-2-2-2-2-2-2-2-2-2-2-2-2-2','2-2-2-2-2-2-2-2-2-2-2-2-2-2-2-2','2-2-2-2-2-2-2-2-2-2-2-2-2-2-2-2','2-2-2-2-2-2-2-2-2-2-2-2-2-2-2-2','2-2-2-2-2-2-2-2-2-2-2-2-2-2-2-2','2-2-2-2-2-2-2-2-2-2-2-2-2-2-2-2','2-2-2-2-2-2-2-2-2-2-2-2-2-2-2-2','2-2-2-2-2-2-2-2-2-2-2-2-2-2-2-2','国语'),
 (105,1,1,7,'2014-11-17 13:30:00',100,'2-2-2-2-2-2-2-2-2-2-2-2-2-2-2-2','2-2-2-2-2-2-2-2-2-2-2-2-2-2-2-2','2-2-2-2-2-2-2-2-2-2-2-2-2-2-2-2','2-2-2-2-2-2-2-2-2-2-2-2-2-2-2-2','2-2-2-2-2-2-2-2-2-2-2-2-2-2-2-2','2-2-2-2-2-2-2-2-2-2-2-2-2-2-2-2','2-2-2-2-2-2-2-2-2-2-2-2-2-2-2-2','2-2-2-2-2-2-2-2-2-2-2-2-2-2-2-2','2-2-2-2-2-2-2-2-2-2-2-2-2-2-2-2','中英'),
 (106,1,2,8,'2014-11-17 13:30:00',100,'2-2-2-2-2-2-2-2-2-2-2-2-2-2-2-2','2-2-2-2-2-2-2-2-2-2-2-2-2-2-2-2','2-2-2-2-2-2-2-2-2-2-2-2-2-2-2-2','2-2-2-2-2-2-2-2-2-2-2-2-2-2-2-2','2-2-2-2-2-2-2-2-2-2-2-2-2-2-2-2','2-2-2-2-2-2-2-2-2-2-2-2-2-2-2-2','2-2-2-2-2-2-2-2-2-2-2-2-2-2-2-2','2-2-2-2-2-2-2-2-2-2-2-2-2-2-2-2','2-2-2-2-2-2-2-2-2-2-2-2-2-2-2-2','中英'),
 (107,1,4,1,'2014-11-17 16:00:00',100,'2-2-2-2-2-2-2-2-2-2-2-2-2-2-2-2','2-2-2-2-2-2-2-2-2-2-2-2-2-2-2-2','2-2-2-2-2-2-2-2-2-2-2-2-2-2-2-2','2-2-2-2-2-2-2-2-2-2-2-2-2-2-2-2','2-2-2-2-2-2-2-2-2-2-2-2-2-2-2-2','2-2-2-2-2-2-2-2-2-2-2-2-2-2-2-2','2-2-2-2-2-2-2-2-2-2-2-2-2-2-2-2','2-2-2-2-2-2-2-2-2-2-2-2-2-2-2-2','2-2-2-2-2-2-2-2-2-2-2-2-2-2-2-2','中英'),
 (108,1,5,2,'2014-11-17 16:00:00',60,'2-2-2-2-2-2-2-2-2-2-2-2-2-2-2-2','2-2-2-2-2-2-2-2-2-2-2-2-2-2-2-2','2-2-2-2-2-2-2-2-2-2-2-2-2-2-2-2','2-2-2-2-2-2-2-2-2-2-2-2-2-2-2-2','2-2-2-2-2-2-2-2-2-2-2-2-2-2-2-2','2-2-2-2-2-2-2-2-2-2-2-2-2-2-2-2','2-2-2-2-2-2-2-2-2-2-2-2-2-2-2-2','2-2-2-2-2-2-2-2-2-2-2-2-2-2-2-2','2-2-2-2-2-2-2-2-2-2-2-2-2-2-2-2','国语'),
 (109,1,6,3,'2014-11-17 16:00:00',60,'2-2-2-2-2-2-2-2-2-2-2-2-2-2-2-2','2-2-2-2-2-2-2-2-2-2-2-2-2-2-2-2','2-2-2-2-2-2-2-2-2-2-2-2-2-2-2-2','2-2-2-2-2-2-2-2-2-2-2-2-2-2-2-2','2-2-2-2-2-2-2-2-2-2-2-2-2-2-2-2','2-2-2-2-2-2-2-2-2-2-2-2-2-2-2-2','2-2-2-2-2-2-2-2-2-2-2-2-2-2-2-2','2-2-2-2-2-2-2-2-2-2-2-2-2-2-2-2','2-2-2-2-2-2-2-2-2-2-2-2-2-2-2-2','国语'),
 (110,1,7,4,'2014-11-17 16:00:00',60,'2-2-2-2-2-2-2-2-2-2-2-2-2-2-2-2','2-2-2-2-2-2-2-2-2-2-2-2-2-2-2-2','2-2-2-2-2-2-2-2-2-2-2-2-2-2-2-2','2-2-2-2-2-2-2-2-2-2-2-2-2-2-2-2','2-2-2-2-2-2-2-2-2-2-2-2-2-2-2-2','2-2-2-2-2-2-2-2-2-2-2-2-2-2-2-2','2-2-2-2-2-2-2-2-2-2-2-2-2-2-2-2','2-2-2-2-2-2-2-2-2-2-2-2-2-2-2-2','2-2-2-2-2-2-2-2-2-2-2-2-2-2-2-2','国语'),
 (111,1,9,5,'2014-11-17 16:00:00',60,'2-2-2-2-2-2-2-2-2-2-2-2-2-2-2-2','2-2-2-2-2-2-2-2-2-2-2-2-2-2-2-2','2-2-2-2-2-2-2-2-2-2-2-2-2-2-2-2','2-2-2-2-2-2-2-2-2-2-2-2-2-2-2-2','2-2-2-2-2-2-2-2-2-2-2-2-2-2-2-2','2-2-2-2-2-2-2-2-2-2-2-2-2-2-2-2','2-2-2-2-2-2-2-2-2-2-2-2-2-2-2-2','2-2-2-2-2-2-2-2-2-2-2-2-2-2-2-2','2-2-2-2-2-2-2-2-2-2-2-2-2-2-2-2','国语'),
 (112,1,1,6,'2014-11-17 16:00:00',100,'2-2-2-2-2-2-2-2-2-2-2-2-2-2-2-2','2-2-2-2-2-2-2-2-2-2-2-2-2-2-2-2','2-2-2-2-2-2-2-2-2-2-2-2-2-2-2-2','2-2-2-2-2-2-2-2-2-2-2-2-2-2-2-2','2-2-2-2-2-2-2-2-2-2-2-2-2-2-2-2','2-2-2-2-2-2-2-2-2-2-2-2-2-2-2-2','2-2-2-2-2-2-2-2-2-2-2-2-2-2-2-2','2-2-2-2-2-2-2-2-2-2-2-2-2-2-2-2','2-2-2-2-2-2-2-2-2-2-2-2-2-2-2-2','中英'),
 (113,1,2,7,'2014-11-17 16:00:00',100,'2-2-2-2-2-2-2-2-2-2-2-2-2-2-2-2','2-2-2-2-2-2-2-2-2-2-2-2-2-2-2-2','2-2-2-2-2-2-2-2-2-2-2-2-2-2-2-2','2-2-2-2-2-2-2-2-2-2-2-2-2-2-2-2','2-2-2-2-2-2-2-2-2-2-2-2-2-2-2-2','2-2-2-2-2-2-2-2-2-2-2-2-2-2-2-2','2-2-2-2-2-2-2-2-2-2-2-2-2-2-2-2','2-2-2-2-2-2-2-2-2-2-2-2-2-2-2-2','2-2-2-2-2-2-2-2-2-2-2-2-2-2-2-2','中英'),
 (114,1,3,8,'2014-11-17 16:00:00',100,'2-2-2-2-2-2-2-2-2-2-2-2-2-2-2-2','2-2-2-2-2-2-2-2-2-2-2-2-2-2-2-2','2-2-2-2-2-2-2-2-2-2-2-2-2-2-2-2','2-2-2-2-2-2-2-2-2-2-2-2-2-2-2-2','2-2-2-2-2-2-2-2-2-2-2-2-2-2-2-2','2-2-2-2-2-2-2-2-2-2-2-2-2-2-2-2','2-2-2-2-2-2-2-2-2-2-2-2-2-2-2-2','2-2-2-2-2-2-2-2-2-2-2-2-2-2-2-2','2-2-2-2-2-2-2-2-2-2-2-2-2-2-2-2','中英'),
 (115,1,5,1,'2014-11-17 18:30:00',60,'2-2-2-2-2-2-2-2-2-2-2-2-2-2-2-2','2-2-2-2-2-2-2-2-2-2-2-2-2-2-2-2','2-2-2-2-2-2-2-2-2-2-2-2-2-2-2-2','2-2-2-2-2-2-2-2-2-2-2-2-2-2-2-2','2-2-2-2-2-2-2-2-2-2-2-2-2-2-2-2','2-2-2-2-2-2-2-2-2-2-2-2-2-2-2-2','2-2-2-2-2-2-2-2-2-2-2-2-2-2-2-2','2-2-2-2-2-2-2-2-2-2-2-2-2-2-2-2','2-2-2-2-2-2-2-2-2-2-2-2-2-2-2-2','国语'),
 (116,1,6,2,'2014-11-17 18:30:00',60,'2-2-2-2-2-2-2-2-2-2-2-2-2-2-2-2','2-2-2-2-2-2-2-2-2-2-2-2-2-2-2-2','2-2-2-2-2-2-2-2-2-2-2-2-2-2-2-2','2-2-2-2-2-2-2-2-2-2-2-2-2-2-2-2','2-2-2-2-2-2-2-2-2-2-2-2-2-2-2-2','2-2-2-2-2-2-2-2-2-2-2-2-2-2-2-2','2-2-2-2-2-2-2-2-2-2-2-2-2-2-2-2','2-2-2-2-2-2-2-2-2-2-2-2-2-2-2-2','2-2-2-2-2-2-2-2-2-2-2-2-2-2-2-2','国语'),
 (117,1,7,3,'2014-11-17 18:30:00',60,'2-2-2-2-2-2-2-2-2-2-2-2-2-2-2-2','2-2-2-2-2-2-2-2-2-2-2-2-2-2-2-2','2-2-2-2-2-2-2-2-2-2-2-2-2-2-2-2','2-2-2-2-2-2-2-2-2-2-2-2-2-2-2-2','2-2-2-2-2-2-2-2-2-2-2-2-2-2-2-2','2-2-2-2-2-2-2-2-2-2-2-2-2-2-2-2','2-2-2-2-2-2-2-2-2-2-2-2-2-2-2-2','2-2-2-2-2-2-2-2-2-2-2-2-2-2-2-2','2-2-2-2-2-2-2-2-2-2-2-2-2-2-2-2','国语'),
 (118,1,9,4,'2014-11-17 18:30:00',60,'2-2-2-2-2-2-2-2-2-2-2-2-2-2-2-2','2-2-2-2-2-2-2-2-2-2-2-2-2-2-2-2','2-2-2-2-2-2-2-2-2-2-2-2-2-2-2-2','2-2-2-2-2-2-2-2-2-2-2-2-2-2-2-2','2-2-2-2-2-2-2-2-2-2-2-2-2-2-2-2','2-2-2-2-2-2-2-2-2-2-2-2-2-2-2-2','2-2-2-2-2-2-2-2-2-2-2-2-2-2-2-2','2-2-2-2-2-2-2-2-2-2-2-2-2-2-2-2','2-2-2-2-2-2-2-2-2-2-2-2-2-2-2-2','国语'),
 (119,1,1,5,'2014-11-17 18:30:00',100,'2-2-2-2-2-2-2-2-2-2-2-2-2-2-2-2','2-2-2-2-2-2-2-2-2-2-2-2-2-2-2-2','2-2-2-2-2-2-2-2-2-2-2-2-2-2-2-2','2-2-2-2-2-2-2-2-2-2-2-2-2-2-2-2','2-2-2-2-2-2-2-2-2-2-2-2-2-2-2-2','2-2-2-2-2-2-2-2-2-2-2-2-2-2-2-2','2-2-2-2-2-2-2-2-2-2-2-2-2-2-2-2','2-2-2-2-2-2-2-2-2-2-2-2-2-2-2-2','2-2-2-2-2-2-2-2-2-2-2-2-2-2-2-2','中英'),
 (120,1,2,6,'2014-11-17 18:30:00',100,'2-2-2-2-2-2-2-2-2-2-2-2-2-2-2-2','2-2-2-2-2-2-2-2-2-2-2-2-2-2-2-2','2-2-2-2-2-2-2-2-2-2-2-2-2-2-2-2','2-2-2-2-2-2-2-2-2-2-2-2-2-2-2-2','2-2-2-2-2-2-2-2-2-2-2-2-2-2-2-2','2-2-2-2-2-2-2-2-2-2-2-2-2-2-2-2','2-2-2-2-2-2-2-2-2-2-2-2-2-2-2-2','2-2-2-2-2-2-2-2-2-2-2-2-2-2-2-2','2-2-2-2-2-2-2-2-2-2-2-2-2-2-2-2','中英'),
 (121,1,3,7,'2014-11-17 18:30:00',100,'2-2-2-2-2-2-2-2-2-2-2-2-2-2-2-2','2-2-2-2-2-2-2-2-2-2-2-2-2-2-2-2','2-2-2-2-2-2-2-2-2-2-2-2-2-2-2-2','2-2-2-2-2-2-2-2-2-2-2-2-2-2-2-2','2-2-2-2-2-2-2-2-2-2-2-2-2-2-2-2','2-2-2-2-2-2-2-2-2-2-2-2-2-2-2-2','2-2-2-2-2-2-2-2-2-2-2-2-2-2-2-2','2-2-2-2-2-2-2-2-2-2-2-2-2-2-2-2','2-2-2-2-2-2-2-2-2-2-2-2-2-2-2-2','中英'),
 (122,1,4,8,'2014-11-17 18:30:00',100,'2-2-2-2-2-2-2-2-2-2-2-2-2-2-2-2','2-2-2-2-2-2-2-2-2-2-2-2-2-2-2-2','2-2-2-2-2-2-2-2-2-2-2-2-2-2-2-2','2-2-2-2-2-2-2-2-2-2-2-2-2-2-2-2','2-2-2-2-2-2-2-2-2-2-2-2-2-2-2-2','2-2-2-2-2-2-2-2-2-2-2-2-2-2-2-2','2-2-2-2-2-2-2-2-2-2-2-2-2-2-2-2','2-2-2-2-2-2-2-2-2-2-2-2-2-2-2-2','2-2-2-2-2-2-2-2-2-2-2-2-2-2-2-2','中英'),
 (123,1,6,1,'2014-11-17 21:00:00',60,'2-2-2-2-2-2-2-2-2-2-2-2-2-2-2-2','2-2-2-2-2-2-2-2-2-2-2-2-2-2-2-2','2-2-2-2-2-2-2-2-2-2-2-2-2-2-2-2','2-2-2-2-2-2-2-2-2-2-2-2-2-2-2-2','2-2-2-2-2-2-2-2-2-2-2-2-2-2-2-2','2-2-2-2-2-2-2-2-2-2-2-2-2-2-2-2','2-2-2-2-2-2-2-2-2-2-2-2-2-2-2-2','2-2-2-2-2-2-2-2-2-2-2-2-2-2-2-2','2-2-2-2-2-2-2-2-2-2-2-2-2-2-2-2','国语'),
 (124,1,7,2,'2014-11-17 21:00:00',60,'2-2-2-2-2-2-2-2-2-2-2-2-2-2-2-2','2-2-2-2-2-2-2-2-2-2-2-2-2-2-2-2','2-2-2-2-2-2-2-2-2-2-2-2-2-2-2-2','2-2-2-2-2-2-2-2-2-2-2-2-2-2-2-2','2-2-2-2-2-2-2-2-2-2-2-2-2-2-2-2','2-2-2-2-2-2-2-2-2-2-2-2-2-2-2-2','2-2-2-2-2-2-2-2-2-2-2-2-2-2-2-2','2-2-2-2-2-2-2-2-2-2-2-2-2-2-2-2','2-2-2-2-2-2-2-2-2-2-2-2-2-2-2-2','国语'),
 (125,1,9,3,'2014-11-17 21:00:00',60,'2-2-2-2-2-2-2-2-2-2-2-2-2-2-2-2','2-2-2-2-2-2-2-2-2-2-2-2-2-2-2-2','2-2-2-2-2-2-2-2-2-2-2-2-2-2-2-2','2-2-2-2-2-2-2-2-2-2-2-2-2-2-2-2','2-2-2-2-2-2-2-2-2-2-2-2-2-2-2-2','2-2-2-2-2-2-2-2-2-2-2-2-2-2-2-2','2-2-2-2-2-2-2-2-2-2-2-2-2-2-2-2','2-2-2-2-2-2-2-2-2-2-2-2-2-2-2-2','2-2-2-2-2-2-2-2-2-2-2-2-2-2-2-2','国语'),
 (126,1,1,4,'2014-11-17 21:00:00',120,'2-2-2-2-2-2-2-2-2-2-2-2-2-2-2-2','2-2-2-2-2-2-2-2-2-2-2-2-2-2-2-2','2-2-2-2-2-2-2-2-2-2-2-2-2-2-2-2','2-2-2-2-2-2-2-2-2-2-2-2-2-2-2-2','2-2-2-2-2-2-2-2-2-2-2-2-2-2-2-2','2-2-2-2-2-2-2-2-2-2-2-2-2-2-2-2','2-2-2-2-2-2-2-2-2-2-2-2-2-2-2-2','2-2-2-2-2-2-2-2-2-2-2-2-2-2-2-2','2-2-2-2-2-2-2-2-2-2-2-2-2-2-2-2','中英'),
 (127,1,2,5,'2014-11-17 21:00:00',120,'2-2-2-2-2-2-2-2-2-2-2-2-2-2-2-2','2-2-2-2-2-2-2-2-2-2-2-2-2-2-2-2','2-2-2-2-2-2-2-2-2-2-2-2-2-2-2-2','2-2-2-2-2-2-2-2-2-2-2-2-2-2-2-2','2-2-2-2-2-2-2-2-2-2-2-2-2-2-2-2','2-2-2-2-2-2-2-2-2-2-2-2-2-2-2-2','2-2-2-2-2-2-2-2-2-2-2-2-2-2-2-2','2-2-2-2-2-2-2-2-2-2-2-2-2-2-2-2','2-2-2-2-2-2-2-2-2-2-2-2-2-2-2-2','中英'),
 (128,1,3,6,'2014-11-17 21:00:00',120,'2-2-2-2-2-2-2-2-2-2-2-2-2-2-2-2','2-2-2-2-2-2-2-2-2-2-2-2-2-2-2-2','2-2-2-2-2-2-2-2-2-2-2-2-2-2-2-2','2-2-2-2-2-2-2-2-2-2-2-2-2-2-2-2','2-2-2-2-2-2-2-2-2-2-2-2-2-2-2-2','2-2-2-2-2-2-2-2-2-2-2-2-2-2-2-2','2-2-2-2-2-2-2-2-2-2-2-2-2-2-2-2','2-2-2-2-2-2-2-2-2-2-2-2-2-2-2-2','2-2-2-2-2-2-2-2-2-2-2-2-2-2-2-2','中英'),
 (129,1,4,7,'2014-11-17 21:00:00',120,'2-2-2-2-2-2-2-2-2-2-2-2-2-2-2-2','2-2-2-2-2-2-2-2-2-2-2-2-2-2-2-2','2-2-2-2-2-2-2-2-2-2-2-2-2-2-2-2','2-2-2-2-2-2-2-2-2-2-2-2-2-2-2-2','2-2-2-2-2-2-2-2-2-2-2-2-2-2-2-2','2-2-2-2-2-2-2-2-2-2-2-2-2-2-2-2','2-2-2-2-2-2-2-2-2-2-2-2-2-2-2-2','2-2-2-2-2-2-2-2-2-2-2-2-2-2-2-2','2-2-2-2-2-2-2-2-2-2-2-2-2-2-2-2','中英'),
 (130,1,5,8,'2014-11-17 21:00:00',60,'2-2-2-2-2-2-2-2-2-2-2-2-2-2-2-2','2-2-2-2-2-2-2-2-2-2-2-2-2-2-2-2','2-2-2-2-2-2-2-2-2-2-2-2-2-2-2-2','2-2-2-2-2-2-2-2-2-2-2-2-2-2-2-2','2-2-2-2-2-2-2-2-2-2-2-2-2-2-2-2','2-2-2-2-2-2-2-2-2-2-2-2-2-2-2-2','2-2-2-2-2-2-2-2-2-2-2-2-2-2-2-2','2-2-2-2-2-2-2-2-2-2-2-2-2-2-2-2','2-2-2-2-2-2-2-2-2-2-2-2-2-2-2-2','国语'),
 (131,3,4,1,'2014-11-17 08:30:00',100,'2-2-2-2-2-2-2-2-2-2-2-2-2-2-2-2','2-2-2-2-2-2-2-2-2-2-2-2-2-2-2-2','2-2-2-2-2-2-2-2-2-2-2-2-2-2-2-2','2-2-2-2-2-2-2-2-2-2-2-2-2-2-2-2','2-2-2-2-2-2-2-2-2-2-2-2-2-2-2-2','2-2-2-2-2-2-2-2-2-2-2-2-2-2-2-2','2-2-2-2-2-2-2-2-2-2-2-2-2-2-2-2','2-2-2-2-2-2-2-2-2-2-2-2-2-2-2-2','2-2-2-2-2-2-2-2-2-2-2-2-2-2-2-2','中英'),
 (132,3,3,2,'2014-11-17 08:30:00',100,'2-2-2-2-2-2-2-2-2-2-2-2-2-2-2-2','2-2-2-2-2-2-2-2-2-2-2-2-2-2-2-2','2-2-2-2-2-2-2-2-2-2-2-2-2-2-2-2','2-2-2-2-2-2-2-2-2-2-2-2-2-2-2-2','2-2-2-2-2-2-2-2-2-2-2-2-2-2-2-2','2-2-2-2-2-2-2-2-2-2-2-2-2-2-2-2','2-2-2-2-2-2-2-2-2-2-2-2-2-2-2-2','2-2-2-2-2-2-2-2-2-2-2-2-2-2-2-2','2-2-2-2-2-2-2-2-2-2-2-2-2-2-2-2','中英'),
 (133,3,2,3,'2014-11-17 08:30:00',100,'2-2-2-2-2-2-2-2-2-2-2-2-2-2-2-2','2-2-2-2-2-2-2-2-2-2-2-2-2-2-2-2','2-2-2-2-2-2-2-2-2-2-2-2-2-2-2-2','2-2-2-2-2-2-2-2-2-2-2-2-2-2-2-2','2-2-2-2-2-2-2-2-2-2-2-2-2-2-2-2','2-2-2-2-2-2-2-2-2-2-2-2-2-2-2-2','2-2-2-2-2-2-2-2-2-2-2-2-2-2-2-2','2-2-2-2-2-2-2-2-2-2-2-2-2-2-2-2','2-2-2-2-2-2-2-2-2-2-2-2-2-2-2-2','中英'),
 (134,3,1,4,'2014-11-17 08:30:00',100,'2-2-2-2-2-2-2-2-2-2-2-2-2-2-2-2','2-2-2-2-2-2-2-2-2-2-2-2-2-2-2-2','2-2-2-2-2-2-2-2-2-2-2-2-2-2-2-2','2-2-2-2-2-2-2-2-2-2-2-2-2-2-2-2','2-2-2-2-2-2-2-2-2-2-2-2-2-2-2-2','2-2-2-2-2-2-2-2-2-2-2-2-2-2-2-2','2-2-2-2-2-2-2-2-2-2-2-2-2-2-2-2','2-2-2-2-2-2-2-2-2-2-2-2-2-2-2-2','2-2-2-2-2-2-2-2-2-2-2-2-2-2-2-2','中英'),
 (135,3,9,5,'2014-11-17 08:30:00',60,'2-2-2-2-2-2-2-2-2-2-2-2-2-2-2-2','2-2-2-2-2-2-2-2-2-2-2-2-2-2-2-2','2-2-2-2-2-2-2-2-2-2-2-2-2-2-2-2','2-2-2-2-2-2-2-2-2-2-2-2-2-2-2-2','2-2-2-2-2-2-2-2-2-2-2-2-2-2-2-2','2-2-2-2-2-2-2-2-2-2-2-2-2-2-2-2','2-2-2-2-2-2-2-2-2-2-2-2-2-2-2-2','2-2-2-2-2-2-2-2-2-2-2-2-2-2-2-2','2-2-2-2-2-2-2-2-2-2-2-2-2-2-2-2','国语'),
 (136,3,7,6,'2014-11-17 08:30:00',60,'2-2-2-2-2-2-2-2-2-2-2-2-2-2-2-2','2-2-2-2-2-2-2-2-2-2-2-2-2-2-2-2','2-2-2-2-2-2-2-2-2-2-2-2-2-2-2-2','2-2-2-2-2-2-2-2-2-2-2-2-2-2-2-2','2-2-2-2-2-2-2-2-2-2-2-2-2-2-2-2','2-2-2-2-2-2-2-2-2-2-2-2-2-2-2-2','2-2-2-2-2-2-2-2-2-2-2-2-2-2-2-2','2-2-2-2-2-2-2-2-2-2-2-2-2-2-2-2','2-2-2-2-2-2-2-2-2-2-2-2-2-2-2-2','国语'),
 (137,3,6,7,'2014-11-17 08:30:00',60,'2-2-2-2-2-2-2-2-2-2-2-2-2-2-2-2','2-2-2-2-2-2-2-2-2-2-2-2-2-2-2-2','2-2-2-2-2-2-2-2-2-2-2-2-2-2-2-2','2-2-2-2-2-2-2-2-2-2-2-2-2-2-2-2','2-2-2-2-2-2-2-2-2-2-2-2-2-2-2-2','2-2-2-2-2-2-2-2-2-2-2-2-2-2-2-2','2-2-2-2-2-2-2-2-2-2-2-2-2-2-2-2','2-2-2-2-2-2-2-2-2-2-2-2-2-2-2-2','2-2-2-2-2-0-2-2-2-2-2-2-2-2-2-2','国语'),
 (138,3,5,8,'2014-11-17 08:30:00',60,'2-2-2-2-2-2-2-2-2-2-2-2-2-2-2-2','2-2-2-2-2-2-2-2-2-2-2-2-2-2-2-2','2-2-2-2-2-2-2-2-2-2-2-2-2-2-2-2','2-2-2-2-2-2-2-2-2-2-2-2-2-2-2-2','2-2-2-2-2-2-2-2-2-2-2-2-2-2-2-2','2-2-2-2-2-2-2-2-2-2-2-2-2-2-2-2','2-2-2-2-2-2-2-2-2-2-2-2-2-2-2-2','2-2-2-2-2-2-2-2-2-2-2-2-2-2-2-2','2-2-2-2-2-0-2-2-2-2-2-2-2-2-2-2','国语'),
 (139,3,1,1,'2014-11-17 11:00:00',100,'2-2-2-2-2-2-2-2-2-2-2-2-2-2-2-2','2-2-2-2-2-2-2-2-2-2-2-2-2-2-2-2','2-2-2-2-2-2-2-2-2-2-2-2-2-2-2-2','2-2-2-2-2-2-2-2-2-2-2-2-2-2-2-2','2-2-2-2-2-2-2-2-2-2-2-2-2-2-2-2','2-2-2-2-2-2-2-2-2-2-2-2-2-2-2-2','2-2-2-2-2-2-2-2-2-2-2-2-2-2-2-2','2-2-2-2-2-2-2-2-2-2-2-2-2-2-2-2','2-2-2-2-2-0-2-2-2-2-2-2-2-2-2-2','中英'),
 (140,3,2,2,'2014-11-17 11:00:00',100,'2-2-2-2-2-2-2-2-2-2-2-2-2-2-2-2','2-2-2-2-2-2-2-2-2-2-2-2-2-2-2-2','2-2-2-2-2-2-2-2-2-2-2-2-2-2-2-2','2-2-2-2-2-2-2-2-2-2-2-2-2-2-2-2','2-2-2-2-2-2-2-2-2-2-2-2-2-2-2-2','2-2-2-2-2-2-2-2-2-2-2-2-2-2-2-2','2-2-2-2-2-2-2-2-2-2-2-2-2-2-2-2','2-2-2-2-2-2-2-2-2-2-2-2-2-2-2-2','2-2-2-2-2-0-2-2-2-2-2-2-2-2-2-2','中英'),
 (141,3,3,3,'2014-11-17 11:00:00',100,'2-2-2-2-2-2-2-2-2-2-2-2-2-2-2-2','2-2-2-2-2-2-2-2-2-2-2-2-2-2-2-2','2-2-2-2-2-2-2-2-2-2-2-2-2-2-2-2','2-2-2-2-2-2-2-2-2-2-2-2-2-2-2-2','2-2-2-2-2-2-2-2-2-2-2-2-2-2-2-2','2-2-2-2-2-2-2-2-2-2-2-2-2-2-2-2','2-2-2-2-2-2-2-2-2-2-2-2-2-2-2-2','2-2-2-2-2-2-2-2-2-2-2-2-2-2-2-2','2-2-2-2-2-0-2-2-2-2-2-2-2-2-2-2','中英'),
 (142,3,4,4,'2014-11-17 11:00:00',100,'2-2-2-2-2-2-2-2-2-2-2-2-2-2-2-2','2-2-2-2-2-2-2-2-2-2-2-2-2-2-2-2','2-2-2-2-2-2-2-2-2-2-2-2-2-2-2-2','2-2-2-2-2-2-2-2-2-2-2-2-2-2-2-2','2-2-2-2-2-2-2-2-2-2-2-2-2-2-2-2','2-2-2-2-2-2-2-2-2-2-2-2-2-2-2-2','2-2-2-2-2-2-2-2-2-2-2-2-2-2-2-2','2-2-2-2-2-2-2-2-2-2-2-2-2-2-2-2','2-2-2-2-2-0-2-2-2-2-2-2-2-2-2-2','中英'),
 (143,3,5,5,'2014-11-17 11:00:00',60,'2-2-2-2-2-2-2-2-2-2-2-2-2-2-2-2','2-2-2-2-2-2-2-2-2-2-2-2-2-2-2-2','2-2-2-2-2-2-2-2-2-2-2-2-2-2-2-2','2-2-2-2-2-2-2-2-2-2-2-2-2-2-2-2','2-2-2-2-2-2-2-2-2-2-2-2-2-2-2-2','2-2-2-2-2-2-2-2-2-2-2-2-2-2-2-2','2-2-2-2-2-2-2-2-2-2-2-2-2-2-2-2','2-2-2-2-2-2-2-2-2-2-2-2-2-2-2-2','2-2-2-2-2-0-2-2-2-2-2-2-2-2-2-2','国语'),
 (144,3,6,6,'2014-11-17 11:00:00',60,'2-2-2-2-2-2-2-2-2-2-2-2-2-2-2-2','2-2-2-2-2-2-2-2-2-2-2-2-2-2-2-2','2-2-2-2-2-2-2-2-2-2-2-2-2-2-2-2','2-2-2-2-2-2-2-2-2-2-2-2-2-2-2-2','2-2-2-2-2-2-2-2-2-2-2-2-2-2-2-2','2-2-2-2-2-2-2-2-2-2-2-2-2-2-2-2','2-2-2-2-2-2-2-2-2-2-2-2-2-2-2-2','2-2-2-2-2-2-2-2-2-2-2-2-2-2-2-2','2-2-2-2-2-0-2-2-2-2-2-2-2-2-2-2','国语'),
 (145,3,7,7,'2014-11-17 11:00:00',60,'2-2-2-2-2-2-2-2-2-2-2-2-2-2-2-2','2-2-2-2-2-2-2-2-2-2-2-2-2-2-2-2','2-2-2-2-2-2-2-2-2-2-2-2-2-2-2-2','2-2-2-2-2-2-2-2-2-2-2-2-2-2-2-2','2-2-2-2-2-2-2-2-2-2-2-2-2-2-2-2','2-2-2-2-2-2-2-2-2-2-2-2-2-2-2-2','2-2-2-2-2-2-2-2-2-2-2-2-2-2-2-2','2-2-2-2-2-2-2-2-2-2-2-2-2-2-2-2','2-2-2-2-2-0-2-2-2-2-2-2-2-2-2-2','国语'),
 (146,3,9,8,'2014-11-17 11:00:00',60,'2-2-2-2-2-2-2-2-2-2-2-2-2-2-2-2','2-2-2-2-2-2-2-2-2-2-2-2-2-2-2-2','2-2-2-2-2-2-2-2-2-2-2-2-2-2-2-2','2-2-2-2-2-2-2-2-2-2-2-2-2-2-2-2','2-2-2-2-2-2-2-2-2-2-2-2-2-2-2-2','2-2-2-2-2-2-2-2-2-2-2-2-2-2-2-2','2-2-2-2-2-2-2-2-2-2-2-2-2-2-2-2','2-2-2-2-2-2-2-2-2-2-2-2-2-2-2-2','2-2-2-2-2-0-2-2-2-2-2-2-2-2-2-2','国语'),
 (147,3,6,1,'2014-11-17 13:30:00',60,'2-2-2-2-2-2-2-2-2-2-2-2-2-2-2-2','2-2-2-2-2-2-2-2-2-2-2-2-2-2-2-2','2-2-2-2-2-2-2-2-2-2-2-2-2-2-2-2','2-2-2-2-2-2-2-2-2-2-2-2-2-2-2-2','2-2-2-2-2-2-2-2-2-2-2-2-2-2-2-2','2-2-2-2-2-2-2-2-2-2-2-2-2-2-2-2','2-2-2-2-2-2-2-2-2-2-2-2-2-2-2-2','2-2-2-2-2-2-2-2-2-2-2-2-2-2-2-2','2-2-2-2-2-0-2-2-2-2-2-2-2-2-2-2','国语'),
 (148,3,7,2,'2014-11-17 13:30:00',60,'2-2-2-2-2-2-2-2-2-2-2-2-2-2-2-2','2-2-2-2-2-2-2-2-2-2-2-2-2-2-2-2','2-2-2-2-2-2-2-2-2-2-2-2-2-2-2-2','2-2-2-2-2-2-2-2-2-2-2-2-2-2-2-2','2-2-2-2-2-2-2-2-2-2-2-2-2-2-2-2','2-2-2-2-2-2-2-2-2-2-2-2-2-2-2-2','2-2-2-2-2-2-2-2-2-2-2-2-2-2-2-2','2-2-2-2-2-2-2-2-2-2-2-2-2-2-2-2','2-2-2-2-2-0-2-2-2-2-2-2-2-2-2-2','国语'),
 (149,3,9,3,'2014-11-17 13:30:00',60,'2-2-2-2-2-2-2-2-2-2-2-2-2-2-2-2','2-2-2-2-2-2-2-2-2-2-2-2-2-2-2-2','2-2-2-2-2-2-2-2-2-2-2-2-2-2-2-2','2-2-2-2-2-2-2-2-2-2-2-2-2-2-2-2','2-2-2-2-2-2-2-2-2-2-2-2-2-2-2-2','2-2-2-2-2-2-2-2-2-2-2-2-2-2-2-2','2-2-2-2-2-2-2-2-2-2-2-2-2-2-2-2','2-2-2-2-2-2-2-2-2-2-2-2-2-2-2-2','2-2-2-2-2-0-2-2-2-2-2-2-2-2-2-2','国语'),
 (150,3,1,4,'2014-11-17 13:30:00',100,'2-2-2-2-2-2-2-2-2-2-2-2-2-2-2-2','2-2-2-2-2-2-2-2-2-2-2-2-2-2-2-2','2-2-2-2-2-2-2-2-2-2-2-2-2-2-2-2','2-2-2-2-2-2-2-2-2-2-2-2-2-2-2-2','2-2-2-2-2-2-2-2-2-2-2-2-2-2-2-2','2-2-2-2-2-2-2-2-2-2-2-2-2-2-2-2','2-2-2-2-2-2-2-2-2-2-2-2-2-2-2-2','2-2-2-2-2-2-2-2-2-2-2-2-2-2-2-2','2-2-2-2-2-0-2-2-2-2-2-2-2-2-2-2','中英'),
 (151,3,2,5,'2014-11-17 13:30:00',100,'2-2-2-2-2-2-2-2-2-2-2-2-2-2-2-2','2-2-2-2-2-2-2-2-2-2-2-2-2-2-2-2','2-2-2-2-2-2-2-2-2-2-2-2-2-2-2-2','2-2-2-2-2-2-2-2-2-2-2-2-2-2-2-2','2-2-2-2-2-2-2-2-2-2-2-2-2-2-2-2','2-2-2-2-2-2-2-2-2-2-2-2-2-2-2-2','2-2-2-2-2-2-2-2-2-2-2-2-2-2-2-2','2-2-2-2-2-2-2-2-2-2-2-2-2-2-2-2','2-2-2-2-2-0-2-2-2-2-2-2-2-2-2-2','中英'),
 (152,3,3,6,'2014-11-17 13:30:00',100,'2-2-2-2-2-2-2-2-2-2-2-2-2-2-2-2','2-2-2-2-2-2-2-2-2-2-2-2-2-2-2-2','2-2-2-2-2-2-2-2-2-2-2-2-2-2-2-2','2-2-2-2-2-2-2-2-2-2-2-2-2-2-2-2','2-2-2-2-2-2-2-2-2-2-2-2-2-2-2-2','2-2-2-2-2-2-2-2-2-2-2-2-2-2-2-2','2-2-2-2-2-2-2-2-2-2-2-2-2-2-2-2','2-2-2-2-2-2-2-2-2-2-2-2-2-2-2-2','2-2-2-2-2-0-2-2-2-2-2-2-2-2-2-2','中英'),
 (153,3,4,7,'2014-11-17 13:30:00',100,'2-2-2-2-2-2-2-2-2-2-2-2-2-2-2-2','2-2-2-2-2-2-2-2-2-2-2-2-2-2-2-2','2-2-2-2-2-2-2-2-2-2-2-2-2-2-2-2','2-2-2-2-2-2-2-2-2-2-2-2-2-2-2-2','2-2-2-2-2-2-2-2-2-2-2-2-2-2-2-2','2-2-2-2-2-2-2-2-2-2-2-2-2-2-2-2','2-2-2-2-2-2-2-2-2-2-2-2-2-2-2-2','2-2-2-2-2-2-2-2-2-2-2-2-2-2-2-2','2-2-2-2-2-0-2-2-2-2-2-2-2-2-2-2','中英'),
 (154,3,5,8,'2014-11-17 13:30:00',60,'2-2-2-2-2-2-2-2-2-2-2-2-2-2-2-2','2-2-2-2-2-2-2-2-2-2-2-2-2-2-2-2','2-2-2-2-2-2-2-2-2-2-2-2-2-2-2-2','2-2-2-2-2-2-2-2-2-2-2-2-2-2-2-2','2-2-2-2-2-2-2-2-2-2-2-2-2-2-2-2','2-2-2-2-2-2-2-2-2-2-2-2-2-2-2-2','2-2-2-2-2-2-2-2-2-2-2-2-2-2-2-2','2-2-2-2-2-2-2-2-2-2-2-2-2-2-2-2','2-2-2-2-2-0-2-2-2-2-2-2-2-2-2-2','国语'),
 (155,3,7,1,'2014-11-17 16:00:00',60,'2-2-2-2-2-2-2-2-2-2-2-2-2-2-2-2','2-2-2-2-2-2-2-2-2-2-2-2-2-2-2-2','2-2-2-2-2-2-2-2-2-2-2-2-2-2-2-2','2-2-2-2-2-2-2-2-2-2-2-2-2-2-2-2','2-2-2-2-2-2-2-2-2-2-2-2-2-2-2-2','2-2-2-2-2-2-2-2-2-2-2-2-2-2-2-2','2-2-2-2-2-2-2-2-2-2-2-2-2-2-2-2','2-2-2-2-2-2-2-2-2-2-2-2-2-2-2-2','2-2-2-2-2-0-2-2-2-2-2-2-2-2-2-2','国语'),
 (156,3,9,2,'2014-11-17 16:00:00',60,'2-2-2-2-2-2-2-2-2-2-2-2-2-2-2-2','2-2-2-2-2-2-2-2-2-2-2-2-2-2-2-2','2-2-2-2-2-2-2-2-2-2-2-2-2-2-2-2','2-2-2-2-2-2-2-2-2-2-2-2-2-2-2-2','2-2-2-2-2-2-2-2-2-2-2-2-2-2-2-2','2-2-2-2-2-2-2-2-2-2-2-2-2-2-2-2','2-2-2-2-2-2-2-2-2-2-2-2-2-2-2-2','2-2-2-2-2-2-2-2-2-2-2-2-2-2-2-2','2-2-2-2-2-0-2-2-2-2-2-2-2-2-2-2','国语'),
 (157,3,1,3,'2014-11-17 16:00:00',100,'2-2-2-2-2-2-2-2-2-2-2-2-2-2-2-2','2-2-2-2-2-2-2-2-2-2-2-2-2-2-2-2','2-2-2-2-2-2-2-2-2-2-2-2-2-2-2-2','2-2-2-2-2-2-2-2-2-2-2-2-2-2-2-2','2-2-2-2-2-2-2-2-2-2-2-2-2-2-2-2','2-2-2-2-2-2-2-2-2-2-2-2-2-2-2-2','2-2-2-2-2-2-2-2-2-2-2-2-2-2-2-2','2-2-2-2-2-2-2-2-2-2-2-2-2-2-2-2','2-2-2-2-2-0-2-2-2-2-2-2-2-2-2-2','中英'),
 (158,3,2,4,'2014-11-17 16:00:00',100,'2-2-2-2-2-2-2-2-2-2-2-2-2-2-2-2','2-2-2-2-2-2-2-2-2-2-2-2-2-2-2-2','2-2-2-2-2-2-2-2-2-2-2-2-2-2-2-2','2-2-2-2-2-2-2-2-2-2-2-2-2-2-2-2','2-2-2-2-2-2-2-2-2-2-2-2-2-2-2-2','2-2-2-2-2-2-2-2-2-2-2-2-2-2-2-2','2-2-2-2-2-2-2-2-2-2-2-2-2-2-2-2','2-2-2-2-2-2-2-2-2-2-2-2-2-2-2-2','2-2-2-2-2-0-2-2-2-2-2-2-2-2-2-2','中英'),
 (159,3,3,5,'2014-11-17 16:00:00',100,'2-2-2-2-2-2-2-2-2-2-2-2-2-2-2-2','2-2-2-2-2-2-2-2-2-2-2-2-2-2-2-2','2-2-2-2-2-2-2-2-2-2-2-2-2-2-2-2','2-2-2-2-2-2-2-2-2-2-2-2-2-2-2-2','2-2-2-2-2-2-2-2-2-2-2-2-2-2-2-2','2-2-2-2-2-2-2-2-2-2-2-2-2-2-2-2','2-2-2-2-2-2-2-2-2-2-2-2-2-2-2-2','2-2-2-2-2-2-2-2-2-2-2-2-2-2-2-2','2-2-2-2-2-0-2-2-2-2-2-2-2-2-2-2','中英'),
 (160,3,4,6,'2014-11-17 16:00:00',100,'2-2-2-2-2-2-2-2-2-2-2-2-2-2-2-2','2-2-2-2-2-2-2-2-2-2-2-2-2-2-2-2','2-2-2-2-2-2-2-2-2-2-2-2-2-2-2-2','2-2-2-2-2-2-2-2-2-2-2-2-2-2-2-2','2-2-2-2-2-2-2-2-2-2-2-2-2-2-2-2','2-2-2-2-2-2-2-2-2-2-2-2-2-2-2-2','2-2-2-2-2-2-2-2-2-2-2-2-2-2-2-2','2-2-2-2-2-2-2-2-2-2-2-2-2-2-2-2','2-2-2-2-2-0-2-2-2-2-2-2-2-2-2-2','中英'),
 (161,3,5,7,'2014-11-17 16:00:00',60,'2-2-2-2-2-2-2-2-2-2-2-2-2-2-2-2','2-2-2-2-2-2-2-2-2-2-2-2-2-2-2-2','2-2-2-2-2-2-2-2-2-2-2-2-2-2-2-2','2-2-2-2-2-2-2-2-2-2-2-2-2-2-2-2','2-2-2-2-2-2-2-2-2-2-2-2-2-2-2-2','2-2-2-2-2-2-2-2-2-2-2-2-2-2-2-2','2-2-2-2-2-2-2-2-2-2-2-2-2-2-2-2','2-2-2-2-2-2-2-2-2-2-2-2-2-2-2-2','2-2-2-2-2-0-2-2-2-2-2-2-2-2-2-2','国语'),
 (162,3,6,8,'2014-11-17 16:00:00',60,'2-2-2-2-2-2-2-2-2-2-2-2-2-2-2-2','2-2-2-2-2-2-2-2-2-2-2-2-2-2-2-2','2-2-2-2-2-2-2-2-2-2-2-2-2-2-2-2','2-2-2-2-2-2-2-2-2-2-2-2-2-2-2-2','2-2-2-2-2-2-2-2-2-2-2-2-2-2-2-2','2-2-2-2-2-2-2-2-2-2-2-2-2-2-2-2','2-2-2-2-2-2-2-2-2-2-2-2-2-2-2-2','2-2-2-2-2-2-2-2-2-2-2-2-2-2-2-2','2-2-2-2-2-0-2-2-2-2-2-2-2-2-2-2','国语'),
 (163,3,3,1,'2014-11-17 18:30:00',100,'2-2-2-2-2-2-2-2-2-2-2-2-2-2-2-2','2-2-2-2-2-2-2-2-2-2-2-2-2-2-2-2','2-2-2-2-2-2-2-2-2-2-2-2-2-2-2-2','2-2-2-2-2-2-2-2-2-2-2-2-2-2-2-2','2-2-2-2-2-2-2-2-2-2-2-2-2-2-2-2','2-2-2-2-2-2-2-2-2-2-2-2-2-2-2-2','2-2-2-2-2-2-2-2-2-2-2-2-2-2-2-2','2-2-2-2-2-2-2-2-2-2-2-2-2-2-2-2','2-2-2-2-2-0-2-2-2-2-2-2-2-2-2-2','中英'),
 (164,3,4,2,'2014-11-17 18:30:00',100,'2-2-2-2-2-2-2-2-2-2-2-2-2-2-2-2','2-2-2-2-2-2-2-2-2-2-2-2-2-2-2-2','2-2-2-2-2-2-2-2-2-2-2-2-2-2-2-2','2-2-2-2-2-2-2-2-2-2-2-2-2-2-2-2','2-2-2-2-2-2-2-2-2-2-2-2-2-2-2-2','2-2-2-2-2-2-2-2-2-2-2-2-2-2-2-2','2-2-2-2-2-2-2-2-2-2-2-2-2-2-2-2','2-2-2-2-2-2-2-2-2-2-2-2-2-2-2-2','2-2-2-2-2-0-2-2-2-2-2-2-2-2-2-2','中英'),
 (165,3,1,3,'2014-11-17 18:30:00',100,'2-2-2-2-2-2-2-2-2-2-2-2-2-2-2-2','2-2-2-2-2-2-2-2-2-2-2-2-2-2-2-2','2-2-2-2-2-2-2-2-2-2-2-2-2-2-2-2','2-2-2-2-2-2-2-2-2-2-2-2-2-2-2-2','2-2-2-2-2-2-2-2-2-2-2-2-2-2-2-2','2-2-2-2-2-2-2-2-2-2-2-2-2-2-2-2','2-2-2-2-2-2-2-2-2-2-2-2-2-2-2-2','2-2-2-2-2-2-2-2-2-2-2-2-2-2-2-2','2-2-2-2-2-2-2-2-2-2-2-2-2-2-2-2','中英'),
 (166,3,2,4,'2014-11-17 18:30:00',100,'2-2-2-2-2-2-2-2-2-2-2-2-2-2-2-2','2-2-2-2-2-2-2-2-2-2-2-2-2-2-2-2','2-2-2-2-2-2-2-2-2-2-2-2-2-2-2-2','2-2-2-2-2-2-2-2-2-2-2-2-2-2-2-2','2-2-2-2-2-2-2-2-2-2-2-2-2-2-2-2','2-2-2-2-2-2-2-2-2-2-2-2-2-2-2-2','2-2-2-2-2-2-2-2-2-2-2-2-2-2-2-2','2-2-2-2-2-2-2-2-2-2-2-2-2-2-2-2','2-2-2-2-2-2-2-2-2-2-2-2-2-2-2-2','中英'),
 (167,3,7,5,'2014-11-17 18:30:00',60,'2-2-2-2-2-2-2-2-2-2-2-2-2-2-2-2','2-2-2-2-2-2-2-2-2-2-2-2-2-2-2-2','2-2-2-2-2-2-2-2-2-2-2-2-2-2-2-2','2-2-2-2-2-2-2-2-2-2-2-2-2-2-2-2','2-2-2-2-2-2-2-2-2-2-2-2-2-2-2-2','2-2-2-2-2-2-2-2-2-2-2-2-2-2-2-2','2-2-2-2-2-2-2-2-2-2-2-2-2-2-2-2','2-2-2-2-2-2-2-2-2-2-2-2-2-2-2-2','2-2-2-2-2-2-2-2-2-2-2-2-2-2-2-2','国语'),
 (168,3,9,6,'2014-11-17 18:30:00',60,'2-2-2-2-2-2-2-2-2-2-2-2-2-2-2-2','2-2-2-2-2-2-2-2-2-2-2-2-2-2-2-2','2-2-2-2-2-2-2-2-2-2-2-2-2-2-2-2','2-2-2-2-2-2-2-2-2-2-2-2-2-2-2-2','2-2-2-2-2-2-2-2-2-2-2-2-2-2-2-2','2-2-2-2-2-2-2-2-2-2-2-2-2-2-2-2','2-2-2-2-2-2-2-2-2-2-2-2-2-2-2-2','2-2-2-2-2-2-2-2-2-2-2-2-2-2-2-2','2-2-2-2-2-2-2-2-2-2-2-2-2-2-2-2','国语'),
 (169,3,5,7,'2014-11-17 18:30:00',60,'2-2-2-2-2-2-2-2-2-2-2-2-2-2-2-2','2-2-2-2-2-2-2-2-2-2-2-2-2-2-2-2','2-2-2-2-2-2-2-2-2-2-2-2-2-2-2-2','2-2-2-2-2-2-2-2-2-2-2-2-2-2-2-2','2-2-2-2-2-2-2-2-2-2-2-2-2-2-2-2','2-2-2-2-2-2-2-2-2-2-2-2-2-2-2-2','2-2-2-2-2-2-2-2-2-2-2-2-2-2-2-2','2-2-2-2-2-2-2-2-2-2-2-2-2-2-2-2','2-2-2-2-2-2-2-2-2-2-2-2-2-2-2-2','国语'),
 (170,3,6,8,'2014-11-17 18:30:00',60,'2-2-2-2-2-2-2-2-2-2-2-2-2-2-2-2','2-2-2-2-2-2-2-2-2-2-2-2-2-2-2-2','2-2-2-2-2-2-2-2-2-2-2-2-2-2-2-2','2-2-2-2-2-2-2-2-2-2-2-2-2-2-2-2','2-2-2-2-2-2-2-2-2-2-2-2-2-2-2-2','2-2-2-2-2-2-2-2-2-2-2-2-2-2-2-2','2-2-2-2-2-2-2-2-2-2-2-2-2-2-2-2','2-2-2-2-2-2-2-2-2-2-2-2-2-2-2-2','2-2-2-2-2-2-2-2-2-2-2-2-2-2-2-2','国语'),
 (171,3,1,1,'2014-11-17 21:00:00',120,'2-2-2-2-2-2-2-2-2-2-2-2-2-2-2-2','2-2-2-2-2-2-2-2-2-2-2-2-2-2-2-2','2-2-2-2-2-2-2-2-2-2-2-2-2-2-2-2','2-2-2-2-2-2-2-2-2-2-2-2-2-2-2-2','2-2-2-2-2-2-2-2-2-2-2-2-2-2-2-2','2-2-2-2-2-2-2-2-2-2-2-2-2-2-2-2','2-2-2-2-2-2-2-2-2-2-2-2-2-2-2-2','2-2-2-2-2-2-2-2-2-2-2-2-2-2-2-2','2-2-2-2-2-2-2-2-2-2-2-2-2-2-2-2','中英'),
 (172,3,5,2,'2014-11-17 21:00:00',60,'2-2-2-2-2-2-2-2-2-2-2-2-2-2-2-2','2-2-2-2-2-2-2-2-2-2-2-2-2-2-2-2','2-2-2-2-2-2-2-2-2-2-2-2-2-2-2-2','2-2-2-2-2-2-2-2-2-2-2-2-2-2-2-2','2-2-2-2-2-2-2-2-2-2-2-2-2-2-2-2','2-2-2-2-2-2-2-2-2-2-2-2-2-2-2-2','2-2-2-2-2-2-2-1-2-2-2-2-2-2-2-2','2-2-2-2-2-2-2-2-2-1-2-2-2-2-2-2','2-2-2-2-2-2-2-2-2-2-2-2-2-2-2-2','国语'),
 (173,3,2,3,'2014-11-17 21:00:00',120,'2-2-2-2-2-2-2-2-2-2-2-2-2-2-2-2','2-2-2-2-2-2-2-2-2-2-2-2-2-2-2-2','2-2-2-2-2-2-2-2-2-2-2-2-2-2-2-2','2-2-2-2-2-2-2-2-2-2-2-2-2-2-2-2','2-2-2-2-2-2-2-2-2-2-2-2-2-2-2-2','2-2-2-2-2-2-2-2-2-2-2-2-2-2-2-2','2-2-2-2-2-2-2-2-2-2-2-2-2-2-2-2','2-2-2-2-2-2-2-2-2-2-2-2-2-2-2-2','2-2-2-2-2-2-2-2-2-2-2-2-2-2-2-2','中英'),
 (174,3,6,4,'2014-11-17 21:00:00',60,'2-2-2-2-2-2-2-2-2-2-2-2-2-2-2-2','2-2-2-2-2-2-2-2-2-2-2-2-2-2-2-2','2-2-2-2-2-2-2-2-2-2-2-2-2-2-2-2','2-2-2-2-2-2-2-2-2-2-2-2-2-2-2-2','2-2-2-2-2-2-2-2-2-2-2-2-2-2-2-2','2-2-2-2-2-2-2-2-2-2-2-2-2-2-2-2','2-2-2-2-2-2-2-2-2-2-2-2-2-2-2-2','2-2-2-2-2-2-2-2-2-2-2-2-2-2-2-2','2-2-2-2-2-2-2-2-2-2-2-2-2-2-2-2','国语'),
 (175,3,3,5,'2014-11-17 21:00:00',120,'2-2-2-2-2-2-2-2-2-2-2-2-2-2-2-2','2-2-2-2-2-2-2-2-2-2-2-2-2-2-2-2','2-2-2-2-2-2-2-2-2-2-2-2-2-2-2-2','2-2-2-2-2-2-2-2-2-2-2-2-2-2-2-2','2-2-2-2-2-2-2-2-2-2-2-2-2-2-2-2','2-2-2-2-2-2-2-2-2-2-2-2-2-2-2-2','2-2-2-2-2-2-2-2-2-2-2-2-2-2-2-2','2-2-2-2-2-2-2-2-2-2-2-2-2-2-2-2','2-2-2-2-2-2-2-2-2-2-2-2-2-2-2-2','中英'),
 (176,3,7,6,'2014-11-17 21:00:00',60,'2-2-2-2-2-2-2-2-2-2-2-2-2-2-2-2','2-2-2-2-2-2-2-2-2-2-2-2-2-2-2-2','2-2-2-2-2-2-2-2-2-2-2-2-2-2-2-2','2-2-2-2-2-2-2-2-2-2-2-2-2-2-2-2','2-2-2-2-2-2-2-2-2-2-2-2-2-2-2-2','2-2-2-2-2-2-2-2-2-2-2-2-2-2-2-2','2-2-2-2-2-2-2-2-2-2-2-2-2-2-2-2','2-2-2-2-2-2-2-2-2-2-2-2-2-2-2-2','2-2-2-2-2-2-2-2-2-2-2-2-2-2-2-2','国语'),
 (177,3,4,7,'2014-11-17 21:00:00',120,'2-2-2-2-2-2-2-2-2-2-2-2-2-2-2-2','2-2-2-2-2-2-2-2-2-2-2-2-2-2-2-2','2-2-2-2-2-2-2-2-2-2-2-2-2-2-2-2','2-2-2-2-2-2-2-2-2-2-2-2-2-2-2-2','2-2-2-2-2-2-2-2-2-2-2-2-2-2-2-2','2-2-2-2-2-2-2-2-2-2-2-2-2-2-2-2','2-2-2-2-2-2-2-2-2-2-2-2-2-2-2-2','2-2-2-2-2-2-2-2-2-2-2-2-2-2-2-2','2-2-2-2-2-2-2-2-2-2-2-2-2-2-2-2','中英'),
 (178,3,9,8,'2014-11-17 21:00:00',60,'2-2-2-2-2-2-2-2-2-2-2-2-2-2-2-2','2-2-2-2-2-2-2-2-2-2-2-2-2-2-2-2','2-2-2-2-2-2-2-2-2-2-2-2-2-2-2-2','2-2-2-2-2-2-2-2-2-2-2-2-2-2-2-2','2-2-2-2-2-2-2-2-2-2-2-2-2-2-2-2','2-2-2-2-2-2-2-2-2-2-2-2-2-2-2-2','2-2-2-2-2-2-2-2-2-2-2-2-2-2-2-2','2-2-2-2-2-2-2-2-2-2-2-2-2-2-2-2','2-2-2-2-2-2-2-2-2-2-2-2-2-2-2-2','国语'),
 (179,4,9,1,'2014-11-17 08:30:00',60,'2-2-2-2-2-2-2-2-2-2-2-2-2-2-2-2','2-2-2-2-2-2-2-2-2-2-2-2-2-2-2-2','2-2-2-2-2-2-2-2-2-2-2-2-2-2-2-2','2-2-2-2-2-2-2-2-2-2-2-2-2-2-2-2','2-2-2-2-2-2-2-2-2-2-2-2-2-2-2-2','2-2-2-2-2-2-2-2-2-2-2-2-2-2-2-2','2-2-2-2-2-2-2-2-2-2-2-2-2-2-2-2','2-2-2-2-2-2-2-2-2-2-2-2-2-2-2-2','2-2-2-2-2-2-2-2-2-2-2-2-2-2-2-2','国语'),
 (180,4,7,2,'2014-11-17 08:30:00',60,'2-2-2-2-2-2-2-2-2-2-2-2-2-2-2-2','2-2-2-2-2-2-2-2-2-2-2-2-2-2-2-2','2-2-2-2-2-2-2-2-2-2-2-2-2-2-2-2','2-2-2-2-2-2-2-2-2-2-2-2-2-2-2-2','2-2-2-2-2-2-2-2-2-2-2-2-2-2-2-2','2-2-2-2-2-2-2-2-2-2-2-2-2-2-2-2','2-2-2-2-2-2-2-2-2-2-2-2-2-2-2-2','2-2-2-2-2-2-2-2-2-2-2-2-2-2-2-2','2-2-2-2-2-2-2-2-2-2-2-2-2-2-2-2','国语'),
 (181,4,6,3,'2014-11-17 08:30:00',60,'2-2-2-2-2-2-2-2-2-2-2-2-2-2-2-2','2-2-2-2-2-2-2-2-2-2-2-2-2-2-2-2','2-2-2-2-2-2-2-2-2-2-2-2-2-2-2-2','2-2-2-2-2-2-2-2-2-2-2-2-2-2-2-2','2-2-2-2-2-2-2-2-2-2-2-2-2-2-2-2','2-2-2-2-2-2-2-2-2-2-2-2-2-2-2-2','2-2-2-2-2-2-2-2-2-2-2-2-2-2-2-2','2-2-2-2-2-2-2-2-2-2-2-2-2-2-2-2','2-2-2-2-2-2-2-2-2-2-2-2-2-2-2-2','国语'),
 (182,4,5,4,'2014-11-17 08:30:00',60,'2-2-2-2-2-2-2-2-2-2-2-2-2-2-2-2','2-2-2-2-2-2-2-2-2-2-2-2-2-2-2-2','2-2-2-2-2-2-2-2-2-2-2-2-2-2-2-2','2-2-2-2-2-2-2-2-2-2-2-2-2-2-2-2','2-2-2-2-2-2-2-2-2-2-2-2-2-2-2-2','2-2-2-2-2-2-2-2-2-2-2-2-2-2-2-2','2-2-2-2-2-2-2-2-2-2-2-2-2-2-2-2','2-2-2-2-2-2-2-2-2-2-2-2-2-2-2-2','2-2-2-2-2-2-2-2-2-2-2-2-2-2-2-2','国语'),
 (183,4,4,5,'2014-11-17 08:30:00',100,'2-2-2-2-2-2-2-2-2-2-2-2-2-2-2-2','2-2-2-2-2-2-2-2-2-2-2-2-2-2-2-2','2-2-2-2-2-2-2-2-2-2-2-2-2-2-2-2','2-2-2-2-2-2-2-2-2-2-2-2-2-2-2-2','2-2-2-2-2-2-2-2-2-2-2-2-2-2-2-2','2-2-2-2-2-2-2-2-2-2-2-2-2-2-2-2','2-2-2-2-2-2-2-2-2-2-2-2-2-2-2-2','2-2-2-2-2-2-2-2-2-2-2-2-2-2-2-2','2-2-2-2-2-2-2-2-2-2-2-2-2-2-2-2','中英'),
 (184,4,3,6,'2014-11-17 08:30:00',100,'2-2-2-2-2-2-2-2-2-2-2-2-2-2-2-2','2-2-2-2-2-2-2-2-2-2-2-2-2-2-2-2','2-2-2-2-2-2-2-2-2-2-2-2-2-2-2-2','2-2-2-2-2-2-2-2-2-2-2-2-2-2-2-2','2-2-2-2-2-2-2-2-2-2-2-2-2-2-2-2','2-2-2-2-2-2-2-2-2-2-2-2-2-2-2-2','2-2-2-2-2-2-2-2-2-2-2-2-2-2-2-2','2-2-2-2-2-2-2-2-2-2-2-2-2-2-2-2','2-2-2-2-2-2-2-2-2-2-2-2-2-2-2-2','中英'),
 (185,4,2,7,'2014-11-17 08:30:00',100,'2-2-2-2-2-2-2-2-2-2-2-2-2-2-2-2','2-2-2-2-2-2-2-2-2-2-2-2-2-2-2-2','2-2-2-2-2-2-2-2-2-2-2-2-2-2-2-2','2-2-2-2-2-2-2-2-2-2-2-2-2-2-2-2','2-2-2-2-2-2-2-2-2-2-2-2-2-2-2-2','2-2-2-2-2-2-2-2-2-2-2-2-2-2-2-2','2-2-2-2-2-2-2-2-2-2-2-2-2-2-2-2','2-2-2-2-2-2-2-2-2-2-2-2-2-2-2-2','2-2-2-2-2-2-2-2-2-2-2-2-2-2-2-2','中英'),
 (186,4,1,8,'2014-11-17 08:30:00',100,'2-2-2-2-2-2-2-2-2-2-2-2-2-2-2-2','2-2-2-2-2-2-2-2-2-2-2-2-2-2-2-2','2-2-2-2-2-2-2-2-2-2-2-2-2-2-2-2','2-2-2-2-2-2-2-2-2-2-2-2-2-2-2-2','2-2-2-2-2-2-2-2-2-2-2-2-2-2-2-2','2-2-2-2-2-2-2-2-2-2-2-2-2-2-2-2','2-2-2-2-2-2-2-2-2-2-2-2-2-2-2-2','2-2-2-2-2-2-2-2-2-2-2-2-2-2-2-2','2-2-2-2-2-2-2-2-2-2-2-2-2-2-2-2','中英'),
 (187,4,7,1,'2014-11-17 11:00:00',60,'2-2-2-2-2-2-2-2-2-2-2-2-2-2-2-2','2-2-2-2-2-2-2-2-2-2-2-2-2-2-2-2','2-2-2-2-2-2-2-2-2-2-2-2-2-2-2-2','2-2-2-2-2-2-2-2-2-2-2-2-2-2-2-2','2-2-2-2-2-2-2-2-2-2-2-2-2-2-2-2','2-2-2-2-2-2-2-2-2-2-2-2-2-2-2-2','2-2-2-2-2-2-2-2-2-2-2-2-2-2-2-2','2-2-2-2-2-2-2-2-2-2-2-2-2-2-2-2','2-2-2-2-2-2-2-2-2-2-2-2-2-2-2-2','国语'),
 (188,4,6,2,'2014-11-17 11:00:00',60,'2-2-2-2-2-2-2-2-2-2-2-2-2-2-2-2','2-2-2-2-2-2-2-2-2-2-2-2-2-2-2-2','2-2-2-2-2-2-2-2-2-2-2-2-2-2-2-2','2-2-2-2-2-2-2-2-2-2-2-2-2-2-2-2','2-2-2-2-2-2-2-2-2-2-2-2-2-2-2-2','2-2-2-2-2-2-2-2-2-2-2-2-2-2-2-2','2-2-2-2-2-2-2-2-2-2-2-2-2-2-2-2','2-2-2-2-2-2-2-2-2-2-2-2-2-2-2-2','2-2-2-2-2-2-2-2-2-2-2-2-2-2-2-2','国语'),
 (189,4,5,3,'2014-11-17 11:00:00',60,'2-2-2-2-2-2-2-2-2-2-2-2-2-2-2-2','2-2-2-2-2-2-2-2-2-2-2-2-2-2-2-2','2-2-2-2-2-2-2-2-2-2-2-2-2-2-2-2','2-2-2-2-2-2-2-2-2-2-2-2-2-2-2-2','2-2-2-2-2-2-2-2-2-2-2-2-2-2-2-2','2-2-2-2-2-2-2-2-2-2-2-2-2-2-2-2','2-2-2-2-2-2-2-2-2-2-2-2-2-2-2-2','2-2-2-2-2-2-2-2-2-2-2-2-2-2-2-2','2-2-2-2-2-2-2-2-2-2-2-2-2-2-2-2','国语'),
 (190,4,4,4,'2014-11-17 11:00:00',100,'2-2-2-2-2-2-2-2-2-2-2-2-2-2-2-2','2-2-2-2-2-2-2-2-2-2-2-2-2-2-2-2','2-2-2-2-2-2-2-2-2-2-2-2-2-2-2-2','2-2-2-2-2-2-2-2-2-2-2-2-2-2-2-2','2-2-2-2-2-2-2-2-2-2-2-2-2-2-2-2','2-2-2-2-2-2-2-2-2-2-2-2-2-2-2-2','2-2-2-2-2-2-2-2-2-2-2-2-2-2-2-2','2-2-2-2-2-2-2-2-2-2-2-2-2-2-2-2','2-2-2-2-2-2-2-2-2-2-2-2-2-2-2-2','中英'),
 (191,4,3,5,'2014-11-17 11:00:00',100,'2-2-2-2-2-2-2-2-2-2-2-2-2-2-2-2','2-2-2-2-2-2-2-2-2-2-2-2-2-2-2-2','2-2-2-2-2-2-2-2-2-2-2-2-2-2-2-2','2-2-2-2-2-2-2-2-2-2-2-2-2-2-2-2','2-2-2-2-2-2-2-2-2-2-2-2-2-2-2-2','2-2-2-2-2-2-2-2-2-2-2-2-2-2-2-2','2-2-2-2-2-2-2-2-2-2-2-2-2-2-2-2','2-2-2-2-2-2-2-2-2-2-2-2-2-2-2-2','2-2-2-2-2-2-2-2-2-2-2-2-2-2-2-2','中英'),
 (192,4,2,6,'2014-11-17 11:00:00',100,'2-2-2-2-2-2-2-2-2-2-2-2-2-2-2-2','2-2-2-2-2-2-2-2-2-2-2-2-2-2-2-2','2-2-2-2-2-2-2-2-2-2-2-2-2-2-2-2','2-2-2-2-2-2-2-2-2-2-2-2-2-2-2-2','2-2-2-2-2-2-2-2-2-2-2-2-2-2-2-2','2-2-2-2-2-2-2-2-2-2-2-2-2-2-2-2','2-2-2-2-2-2-2-2-2-2-2-2-2-2-2-2','2-2-2-2-2-2-2-2-2-2-2-2-2-2-2-2','2-2-2-2-2-2-2-2-2-2-2-2-2-2-2-2','中英'),
 (193,4,1,7,'2014-11-17 11:00:00',100,'2-2-2-2-2-2-2-2-2-2-2-2-2-2-2-2','2-2-2-2-2-2-2-2-2-2-2-2-2-2-2-2','2-2-2-2-2-2-2-2-2-2-2-2-2-2-2-2','2-2-2-2-2-2-2-2-2-2-2-2-2-2-2-2','2-2-2-2-2-2-2-2-2-2-2-2-2-2-2-2','2-2-2-2-2-2-2-2-2-2-2-2-2-2-2-2','2-2-2-2-2-2-2-2-2-2-2-2-2-2-2-2','2-2-2-2-2-2-2-2-2-2-2-2-2-2-2-2','2-2-2-2-2-2-2-2-2-2-2-2-2-2-2-2','中英'),
 (194,4,9,8,'2014-11-17 11:00:00',60,'2-2-2-2-2-2-2-2-2-2-2-2-2-2-2-2','2-2-2-2-2-2-2-2-2-2-2-2-2-2-2-2','2-2-2-2-2-2-2-2-2-2-2-2-2-2-2-2','2-2-2-2-2-2-2-2-2-2-2-2-2-2-2-2','2-2-2-2-2-2-2-2-2-2-2-2-2-2-2-2','2-2-2-2-2-2-2-2-2-2-2-2-2-2-2-2','2-2-2-2-2-2-2-2-2-2-2-2-2-2-2-2','2-2-2-2-2-2-2-2-2-2-2-2-2-2-2-2','2-2-2-2-2-2-2-2-2-2-2-2-2-2-2-2','国语'),
 (195,4,6,1,'2014-11-17 13:30:00',60,'2-2-2-2-2-2-2-2-2-2-2-2-2-2-2-2','2-2-2-2-2-2-2-2-2-2-2-2-2-2-2-2','2-2-2-2-2-2-2-2-2-2-2-2-2-2-2-2','2-2-2-2-2-2-2-2-2-2-2-2-2-2-2-2','2-2-2-2-2-2-2-2-2-2-2-2-2-2-2-2','2-2-2-2-2-2-2-2-2-2-2-2-2-2-2-2','2-2-2-2-2-2-2-2-2-2-2-2-2-2-2-2','2-2-2-2-2-2-2-2-2-2-2-2-2-2-2-2','2-2-2-2-2-2-2-2-2-2-2-2-2-2-2-2','国语'),
 (196,4,5,2,'2014-11-17 13:30:00',60,'2-2-2-2-2-2-2-2-2-2-2-2-2-2-2-2','2-2-2-2-2-2-2-2-2-2-2-2-2-2-2-2','2-2-2-2-2-2-2-2-2-2-2-2-2-2-2-2','2-2-2-2-2-2-2-2-2-2-2-2-2-2-2-2','2-2-2-2-2-2-2-2-2-2-2-2-2-2-2-2','2-2-2-2-2-2-2-2-2-2-2-2-2-2-2-2','2-2-2-2-2-2-2-2-2-2-2-2-2-2-2-2','2-2-2-2-2-2-2-2-2-2-2-2-2-2-2-2','2-2-2-2-2-2-2-2-2-2-2-2-2-2-2-2','国语'),
 (197,4,4,3,'2014-11-17 13:30:00',100,'2-2-2-2-2-2-2-2-2-2-2-2-2-2-2-2','2-2-2-2-2-2-2-2-2-2-2-2-2-2-2-2','2-2-2-2-2-2-2-2-2-2-2-2-2-2-2-2','2-2-2-2-2-2-2-2-2-2-2-2-2-2-2-2','2-2-2-2-2-2-2-2-2-2-2-2-2-2-2-2','2-2-2-2-2-2-2-2-2-2-2-2-2-2-2-2','2-2-2-2-2-2-2-2-2-2-2-2-2-2-2-2','2-2-2-2-2-2-2-2-2-2-2-2-2-2-2-2','2-2-2-2-2-2-2-2-2-2-2-2-2-2-2-2','中英'),
 (198,4,3,4,'2014-11-17 13:30:00',100,'2-2-2-2-2-2-2-2-2-2-2-2-2-2-2-2','2-2-2-2-2-2-2-2-2-2-2-2-2-2-2-2','2-2-2-2-2-2-2-2-2-2-2-2-2-2-2-2','2-2-2-2-2-2-2-2-2-2-2-2-2-2-2-2','2-2-2-2-2-2-2-2-2-2-2-2-2-2-2-2','2-2-2-2-2-2-2-2-2-2-2-2-2-2-2-2','2-2-2-2-2-2-2-2-2-2-2-2-2-2-2-2','2-2-2-2-2-2-2-2-2-2-2-2-2-2-2-2','2-2-2-2-2-2-2-2-2-2-2-2-2-2-2-2','中英'),
 (199,4,2,5,'2014-11-17 13:30:00',100,'2-2-2-2-2-2-2-2-2-2-2-2-2-2-2-2','2-2-2-2-2-2-2-2-2-2-2-2-2-2-2-2','2-2-2-2-2-2-2-2-2-2-2-2-2-2-2-2','2-2-2-2-2-2-2-2-2-2-2-2-2-2-2-2','2-2-2-2-2-2-2-2-2-2-2-2-2-2-2-2','2-2-2-2-2-2-2-2-2-2-2-2-2-2-2-2','2-2-2-2-2-2-2-2-2-2-2-2-2-2-2-2','2-2-2-2-2-2-2-2-2-2-2-2-2-2-2-2','2-2-2-2-2-2-2-2-2-2-2-2-2-2-2-2','中英'),
 (200,4,1,6,'2014-11-17 13:30:00',100,'2-2-2-2-2-2-2-2-2-2-2-2-2-2-2-2','2-2-2-2-2-2-2-2-2-2-2-2-2-2-2-2','2-2-2-2-2-2-2-2-2-2-2-2-2-2-2-2','2-2-2-2-2-2-2-2-2-2-2-2-2-2-2-2','2-2-2-2-2-2-2-2-2-2-2-2-2-2-2-2','2-2-2-2-2-2-2-2-2-2-2-2-2-2-2-2','2-2-2-2-2-2-2-2-2-2-2-2-2-2-2-2','2-2-2-2-2-2-2-2-2-2-2-2-2-2-2-2','2-2-2-2-2-2-2-2-2-2-2-2-2-2-2-2','中英'),
 (201,4,9,7,'2014-11-17 13:30:00',60,'2-2-2-2-2-2-2-2-2-2-2-2-2-2-2-2','2-2-2-2-2-2-2-2-2-2-2-2-2-2-2-2','2-2-2-2-2-2-2-2-2-2-2-2-2-2-2-2','2-2-2-2-2-2-2-2-2-2-2-2-2-2-2-2','2-2-2-2-2-2-2-2-2-2-2-2-2-2-2-2','2-2-2-2-2-2-2-2-2-2-2-2-2-2-2-2','2-2-2-2-2-2-2-2-2-2-2-2-2-2-2-2','2-2-2-2-2-2-2-2-2-2-2-2-2-2-2-2','2-2-2-2-2-2-2-2-2-2-2-2-2-2-2-2','国语'),
 (202,4,7,8,'2014-11-17 13:30:00',60,'2-2-2-2-2-2-2-2-2-2-2-2-2-2-2-2','2-2-2-2-2-2-2-2-2-2-2-2-2-2-2-2','2-2-2-2-2-2-2-2-2-2-2-2-2-2-2-2','2-2-2-2-2-2-2-2-2-2-2-2-2-2-2-2','2-2-2-2-2-2-2-2-2-2-2-2-2-2-2-2','2-2-2-2-2-2-2-2-2-2-2-2-2-2-2-2','2-2-2-2-2-2-2-2-2-2-2-2-2-2-2-2','2-2-2-2-2-2-2-2-2-2-2-2-2-2-2-2','2-2-2-2-2-2-2-2-2-2-2-2-2-2-2-2','国语'),
 (203,4,5,1,'2014-11-17 16:00:00',60,'2-2-2-2-2-2-2-2-2-2-2-2-2-2-2-2','2-2-2-2-2-2-2-2-2-2-2-2-2-2-2-2','2-2-2-2-2-2-2-2-2-2-2-2-2-2-2-2','2-2-2-2-2-2-2-2-2-2-2-2-2-2-2-2','2-2-2-2-2-2-2-2-2-2-2-2-2-2-2-2','2-2-2-2-2-2-2-2-2-2-2-2-2-2-2-2','2-2-2-2-2-2-2-2-2-2-2-2-2-2-2-2','2-2-2-2-2-2-2-2-2-2-2-2-2-2-2-2','2-2-2-2-2-2-2-2-2-2-2-2-2-2-2-2','国语'),
 (204,4,4,2,'2014-11-17 16:00:00',100,'2-2-2-2-2-2-2-2-2-2-2-2-2-2-2-2','2-2-2-2-2-2-2-2-2-2-2-2-2-2-2-2','2-2-2-2-2-2-2-2-2-2-2-2-2-2-2-2','2-2-2-2-2-2-2-2-2-2-2-2-2-2-2-2','2-2-2-2-2-2-2-2-2-2-2-2-2-2-2-2','2-2-2-2-2-2-2-2-2-2-2-2-2-2-2-2','2-2-2-2-2-2-2-2-2-2-2-2-2-2-2-2','2-2-2-2-2-2-2-2-2-2-2-2-2-2-2-2','2-2-2-2-2-2-2-2-2-2-2-2-2-2-2-2','中英'),
 (205,4,3,3,'2014-11-17 16:00:00',100,'2-2-2-2-2-2-2-2-2-2-2-2-2-2-2-2','2-2-2-2-2-2-2-2-2-2-2-2-2-2-2-2','2-2-2-2-2-2-2-2-2-2-2-2-2-2-2-2','2-2-2-2-2-2-2-2-2-2-2-2-2-2-2-2','2-2-2-2-2-2-2-2-2-2-2-2-2-2-2-2','2-2-2-2-2-2-2-2-2-2-2-2-2-2-2-2','2-2-2-2-2-2-2-2-2-2-2-2-2-2-2-2','2-2-2-2-2-2-2-2-2-2-2-2-2-2-2-2','2-2-2-2-2-2-2-2-2-2-2-2-2-2-2-2','中英'),
 (206,4,2,4,'2014-11-17 16:00:00',100,'2-2-2-2-2-2-2-2-2-2-2-2-2-2-2-2','2-2-2-2-2-2-2-2-2-2-2-2-2-2-2-2','2-2-2-2-2-2-2-2-2-2-2-2-2-2-2-2','2-2-2-2-2-2-2-2-2-2-2-2-2-2-2-2','2-2-2-2-2-2-2-2-2-2-2-2-2-2-2-2','2-2-2-2-2-2-2-2-2-2-2-2-2-2-2-2','2-2-2-2-2-2-2-2-2-2-2-2-2-2-2-2','2-2-2-2-2-2-2-2-2-2-2-2-2-2-2-2','2-2-2-2-2-2-2-2-2-2-2-2-2-2-2-2','中英'),
 (207,4,1,5,'2014-11-17 16:00:00',100,'2-2-2-2-2-2-2-2-2-2-2-2-2-2-2-2','2-2-2-2-2-2-2-2-2-2-2-2-2-2-2-2','2-2-2-2-2-2-2-2-2-2-2-2-2-2-2-2','2-2-2-2-2-2-2-2-2-2-2-2-2-2-2-2','2-2-2-2-2-2-2-2-2-2-2-2-2-2-2-2','2-2-2-2-2-2-2-2-2-2-2-2-2-2-2-2','2-2-2-2-2-2-2-2-2-2-2-2-2-2-2-2','2-2-2-2-2-2-2-2-2-2-2-2-2-2-2-2','2-2-2-2-2-2-2-2-2-2-2-2-2-2-2-2','中英'),
 (208,4,9,6,'2014-11-17 16:00:00',60,'2-2-2-2-2-2-2-2-2-2-2-2-2-2-2-2','2-2-2-2-2-2-2-2-2-2-2-2-2-2-2-2','2-2-2-2-2-2-2-2-2-2-2-2-2-2-2-2','2-2-2-2-2-2-2-2-2-2-2-2-2-2-2-2','2-2-2-2-2-2-2-2-2-2-2-2-2-2-2-2','2-2-2-2-2-2-2-2-2-2-2-2-2-2-2-2','2-2-2-2-2-2-2-2-2-2-2-2-2-2-2-2','2-2-2-2-2-2-2-2-2-2-2-2-2-2-2-2','2-2-2-2-2-2-2-2-2-2-2-2-2-2-2-2','国语'),
 (209,4,7,7,'2014-11-17 16:00:00',60,'2-2-2-2-2-2-2-2-2-2-2-2-2-2-2-2','2-2-2-2-2-2-2-2-2-2-2-2-2-2-2-2','2-2-2-2-2-2-2-2-2-2-2-2-2-2-2-2','2-2-2-2-2-2-2-2-2-2-2-2-2-2-2-2','2-2-2-2-2-2-2-2-2-2-2-2-2-2-2-2','2-2-2-2-2-2-2-2-2-2-2-2-2-2-2-2','2-2-2-2-2-2-2-2-2-2-2-2-2-2-2-2','2-2-2-2-2-2-2-2-2-2-2-2-2-2-2-2','2-2-2-2-2-2-2-2-2-2-2-2-2-2-2-2','国语'),
 (210,4,6,8,'2014-11-17 16:00:00',60,'2-2-2-2-2-2-2-2-2-2-2-2-2-2-2-2','2-2-2-2-2-2-2-2-2-2-2-2-2-2-2-2','2-2-2-2-2-2-2-2-2-2-2-2-2-2-2-2','2-2-2-2-2-2-2-2-2-2-2-2-2-2-2-2','2-2-2-2-2-2-2-2-2-2-2-2-2-2-2-2','2-2-2-2-2-2-2-2-2-2-2-2-2-2-2-2','2-2-2-2-2-2-2-2-2-2-2-2-2-2-2-2','2-2-2-2-2-2-2-2-2-2-2-2-2-2-2-2','2-2-2-2-2-2-2-2-2-2-2-2-2-2-2-2','国语'),
 (211,4,4,1,'2014-11-17 18:30:00',100,'2-2-2-2-2-2-2-2-2-2-2-2-2-2-2-2','2-2-2-2-2-2-2-2-2-2-2-2-2-2-2-2','2-2-2-2-2-2-2-2-2-2-2-2-2-2-2-2','2-2-2-2-2-2-2-2-2-2-2-2-2-2-2-2','2-2-2-2-2-2-2-2-2-2-2-2-2-2-2-2','2-2-2-2-2-2-2-2-2-2-2-2-2-2-2-2','2-2-2-2-2-2-2-2-2-2-2-2-2-2-2-2','2-2-2-2-2-2-2-2-2-2-2-2-2-2-2-2','2-2-2-2-2-2-2-2-2-2-2-2-2-2-2-2','中英'),
 (212,4,3,2,'2014-11-17 18:30:00',100,'2-2-2-2-2-2-2-2-2-2-2-2-2-2-2-2','2-2-2-2-2-2-2-2-2-2-2-2-2-2-2-2','2-2-2-2-2-2-2-2-2-2-2-2-2-2-2-2','2-2-2-2-2-2-2-2-2-2-2-2-2-2-2-2','2-2-2-2-2-2-2-2-2-2-2-2-2-2-2-2','2-2-2-2-2-2-2-2-2-2-2-2-2-2-2-2','2-2-2-2-2-2-2-2-2-2-2-2-2-2-2-2','2-2-2-2-2-2-2-2-2-2-2-2-2-2-2-2','2-2-2-2-2-2-2-2-2-2-2-2-2-2-2-2','中英'),
 (213,4,2,3,'2014-11-17 18:30:00',100,'2-2-2-2-2-2-2-2-2-2-2-2-2-2-2-2','2-2-2-2-2-2-2-2-2-2-2-2-2-2-2-2','2-2-2-2-2-2-2-2-2-2-2-2-2-2-2-2','2-2-2-2-2-2-2-2-2-2-2-2-2-2-2-2','2-2-2-2-2-2-2-2-2-2-2-2-2-2-2-2','2-2-2-2-2-2-2-2-2-2-2-2-2-2-2-2','2-2-2-2-2-2-2-2-2-2-2-2-2-2-2-2','2-2-2-2-2-2-2-2-2-2-2-2-2-2-2-2','2-2-2-2-2-2-2-2-2-2-2-2-2-2-2-2','中英'),
 (214,4,1,4,'2014-11-17 18:30:00',100,'2-2-2-2-2-2-2-2-2-2-2-2-2-2-2-2','2-2-2-2-2-2-2-2-2-2-2-2-2-2-2-2','2-2-2-2-2-2-2-2-2-2-2-2-2-2-2-2','2-2-2-2-2-2-2-2-2-2-2-2-2-2-2-2','2-2-2-2-2-2-2-2-2-2-2-2-2-2-2-2','2-2-2-2-2-2-2-2-2-2-2-2-2-2-2-2','2-2-2-2-2-2-2-2-2-2-2-2-2-2-2-2','2-2-2-2-2-2-2-2-2-2-2-2-2-2-2-2','2-2-2-2-2-2-2-2-2-2-2-2-2-2-2-2','中英'),
 (215,4,9,5,'2014-11-17 18:30:00',60,'2-2-2-2-2-2-2-2-2-2-2-2-2-2-2-2','2-2-2-2-2-2-2-2-2-2-2-2-2-2-2-2','2-2-2-2-2-2-2-2-2-2-2-2-2-2-2-2','2-2-2-2-2-2-2-2-2-2-2-2-2-2-2-2','2-2-2-2-2-2-2-2-2-2-2-2-2-2-2-2','2-2-2-2-2-2-2-2-2-2-2-2-2-2-2-2','2-2-2-2-2-2-2-2-2-2-2-2-2-2-2-2','2-2-2-2-2-2-2-2-2-2-2-2-2-2-2-2','2-2-2-2-2-2-2-2-2-2-2-2-2-2-2-2','国语'),
 (216,4,7,6,'2014-11-17 18:30:00',60,'2-2-2-2-2-2-2-2-2-2-2-2-2-2-2-2','2-2-2-2-2-2-2-2-2-2-2-2-2-2-2-2','2-2-2-2-2-2-2-2-2-2-2-2-2-2-2-2','2-2-2-2-2-2-2-2-2-2-2-2-2-2-2-2','2-2-2-2-2-2-2-2-2-2-2-2-2-2-2-2','2-2-2-2-2-2-2-2-2-2-2-2-2-2-2-2','2-2-2-2-2-2-2-2-2-2-2-2-2-2-2-2','2-2-2-2-2-2-2-2-2-2-2-2-2-2-2-2','2-2-2-2-2-2-2-2-2-2-2-2-2-2-2-2','国语'),
 (217,4,6,7,'2014-11-17 18:30:00',60,'2-2-2-2-2-2-2-2-2-2-2-2-2-2-2-2','2-2-2-2-2-2-2-2-2-2-2-2-2-2-2-2','2-2-2-2-2-2-2-2-2-2-2-2-2-2-2-2','2-2-2-2-2-2-2-2-2-2-2-2-2-2-2-2','2-2-2-2-2-2-2-2-2-2-2-2-2-2-2-2','2-2-2-2-2-2-2-2-2-2-2-2-2-2-2-2','2-2-2-2-2-2-2-2-2-2-2-2-2-2-2-2','2-2-2-2-2-2-2-2-2-2-2-2-2-2-2-2','2-2-2-2-2-2-2-2-2-2-2-2-2-2-2-2','国语'),
 (218,4,5,8,'2014-11-17 18:30:00',60,'2-2-2-2-2-2-2-2-2-2-2-2-2-2-2-2','2-2-2-2-2-2-2-2-2-2-2-2-2-2-2-2','2-2-2-2-2-2-2-2-2-2-2-2-2-2-2-2','2-2-2-2-2-2-2-2-2-2-2-2-2-2-2-2','2-2-2-2-2-2-2-2-2-2-2-2-2-2-2-2','2-2-2-2-2-2-2-2-2-2-2-2-2-2-2-2','2-2-2-2-2-2-2-2-2-2-2-2-2-2-2-2','2-2-2-2-2-2-2-2-2-2-2-2-2-2-2-2','2-2-2-2-2-2-2-2-2-2-2-2-2-2-2-2','国语'),
 (219,4,3,1,'2014-11-17 21:00:00',120,'2-2-2-2-2-2-2-2-2-2-2-2-2-2-2-2','2-2-2-2-2-2-2-2-2-2-2-2-2-2-2-2','2-2-2-2-2-2-2-2-2-2-2-2-2-2-2-2','2-2-2-2-2-2-2-2-2-2-2-2-2-2-2-2','2-2-2-2-2-2-2-2-2-2-2-2-2-2-2-2','2-2-2-2-2-2-2-2-2-2-2-2-2-2-2-2','2-2-2-2-2-2-2-2-2-2-2-2-2-2-2-2','2-2-2-2-2-2-2-2-2-2-2-2-2-2-2-2','2-2-2-2-2-2-2-2-2-2-2-2-2-2-2-2','中英'),
 (220,4,2,2,'2014-11-17 21:00:00',120,'2-2-2-2-2-2-2-2-2-2-2-2-2-2-2-2','2-2-2-2-2-2-2-2-2-2-2-2-2-2-2-2','2-2-2-2-2-2-2-2-2-2-2-2-2-2-2-2','2-2-2-2-2-2-2-2-2-2-2-2-2-2-2-2','2-2-2-2-2-2-2-2-2-2-2-2-2-2-2-2','2-2-2-2-2-2-2-2-2-2-2-2-2-2-2-2','2-2-2-2-2-2-2-2-2-2-2-2-2-2-2-2','2-2-2-2-2-2-2-2-2-2-2-2-2-2-2-2','2-2-2-2-2-2-2-2-2-2-2-2-2-2-2-2','中英'),
 (221,4,1,3,'2014-11-17 21:00:00',120,'2-2-2-2-2-2-2-2-2-2-2-2-2-2-2-2','2-2-2-2-2-2-2-2-2-2-2-2-2-2-2-2','2-2-2-2-2-2-2-2-2-2-2-2-2-2-2-2','2-2-2-2-2-2-2-2-2-2-2-2-2-2-2-2','2-2-2-2-2-2-2-2-2-2-2-2-2-2-2-2','2-2-2-2-2-2-2-2-2-2-2-2-2-2-2-2','2-2-2-2-2-2-2-2-2-2-2-2-2-2-2-2','2-2-2-2-2-2-2-2-2-2-2-2-2-2-2-2','2-2-2-2-2-2-2-2-2-2-2-2-2-2-2-2','中英'),
 (222,4,9,4,'2014-11-17 21:00:00',60,'2-2-2-2-2-2-2-2-2-2-2-2-2-2-2-2','2-2-2-2-2-2-2-2-2-2-2-2-2-2-2-2','2-2-2-2-2-2-2-2-2-2-2-2-2-2-2-2','2-2-2-2-2-2-2-2-2-2-2-2-2-2-2-2','2-2-2-2-2-2-2-2-2-2-2-2-2-2-2-2','2-2-2-2-2-2-2-2-2-2-2-2-2-2-2-2','2-2-2-2-2-2-2-2-2-2-2-2-2-2-2-2','2-2-2-2-2-2-2-2-2-2-2-2-2-2-2-2','2-2-2-2-2-2-2-2-2-2-2-2-2-2-2-2','国语'),
 (223,4,7,5,'2014-11-17 21:00:00',60,'2-2-2-2-2-2-2-2-2-2-2-2-2-2-2-2','2-2-2-2-2-2-2-2-2-2-2-2-2-2-2-2','2-2-2-2-2-2-2-2-2-2-2-2-2-2-2-2','2-2-2-2-2-2-2-2-2-2-2-2-2-2-2-2','2-2-2-2-2-2-2-2-2-2-2-2-2-2-2-2','2-2-2-2-2-2-2-2-2-2-2-2-2-2-2-2','2-2-2-2-2-2-2-2-2-2-2-2-2-2-2-2','2-2-2-2-2-2-2-2-2-2-2-2-2-2-2-2','2-2-2-2-2-2-2-2-2-2-2-2-2-2-2-2','国语'),
 (224,4,6,6,'2014-11-17 21:00:00',60,'2-2-2-2-2-2-2-2-2-2-2-2-2-2-2-2','2-2-2-2-2-2-2-2-2-2-2-2-2-2-2-2','2-2-2-2-2-2-2-2-2-2-2-2-2-2-2-2','2-2-2-2-2-2-2-2-2-2-2-2-2-2-2-2','2-2-2-2-2-2-2-2-2-2-2-2-2-2-2-2','2-2-2-2-2-2-2-2-2-2-2-2-2-2-2-2','2-2-2-2-2-2-2-2-2-2-2-2-2-2-2-2','2-2-2-2-2-2-2-2-2-2-2-2-2-2-2-2','2-2-2-2-2-2-2-2-2-2-2-2-2-2-2-2','国语'),
 (225,4,5,7,'2014-11-17 21:00:00',60,'2-2-2-2-2-2-2-2-2-2-2-2-2-2-2-2','2-2-2-2-2-2-2-2-2-2-2-2-2-2-2-2','2-2-2-2-2-2-2-2-2-2-2-2-2-2-2-2','2-2-2-2-2-2-2-2-2-2-2-2-2-2-2-2','2-2-2-2-2-2-2-2-2-2-2-2-2-2-2-2','2-2-2-2-2-2-2-2-2-2-2-2-2-2-2-2','2-2-2-2-2-2-2-2-2-2-2-2-2-2-2-2','2-2-2-2-2-2-2-2-2-2-2-2-2-2-2-2','2-2-2-2-2-2-2-2-2-2-2-2-2-2-2-2','国语'),
 (226,4,4,8,'2014-11-17 21:00:00',120,'2-2-2-2-2-2-2-2-2-2-2-2-2-2-2-2','2-2-2-2-2-2-2-2-2-2-2-2-2-2-2-2','2-2-2-2-2-2-2-2-2-2-2-2-2-2-2-2','2-2-2-2-2-2-2-2-2-2-2-2-2-2-2-2','2-2-2-2-2-2-2-2-2-2-2-2-2-2-2-2','2-2-2-2-2-2-2-2-2-2-2-2-2-2-2-2','2-2-2-2-2-2-2-2-2-2-2-2-2-2-2-2','2-2-2-2-2-2-2-2-2-2-2-2-2-2-2-2','2-2-2-2-2-2-2-2-2-2-2-2-2-2-2-2','中英'),
 (227,5,1,1,'2014-11-17 08:30:00',100,'2-2-2-2-2-2-2-2-2-2-2-2-2-2-2-2','2-2-2-2-2-2-2-2-2-2-2-2-2-2-2-2','2-2-2-2-2-2-2-2-2-2-2-2-2-2-2-2','2-2-2-2-2-2-2-2-2-2-2-2-2-2-2-2','2-2-2-2-2-2-2-2-2-2-2-2-2-2-2-2','2-2-2-2-2-2-2-2-2-2-2-2-2-2-2-2','2-2-2-2-2-2-2-2-2-2-2-2-2-2-2-2','2-2-2-2-2-2-2-2-2-2-2-2-2-2-2-2','2-2-2-2-2-2-2-2-2-2-2-2-2-2-2-2','中英'),
 (228,5,2,2,'2014-11-17 08:30:00',100,'2-2-2-2-2-2-2-2-2-2-2-2-2-2-2-2','2-2-2-2-2-2-2-2-2-2-2-2-2-2-2-2','2-2-2-2-2-2-2-2-2-2-2-2-2-2-2-2','2-2-2-2-2-2-2-2-2-2-2-2-2-2-2-2','2-2-2-2-2-2-2-2-2-2-2-2-2-2-2-2','2-2-2-2-2-2-2-2-2-2-2-2-2-2-2-2','2-2-2-2-2-2-2-2-2-2-2-2-2-2-2-2','2-2-2-2-2-2-2-2-2-2-2-2-2-2-2-2','2-2-2-2-2-2-2-2-2-2-2-2-2-2-2-2','中英'),
 (229,5,3,3,'2014-11-17 08:30:00',100,'2-2-2-2-2-2-2-2-2-2-2-2-2-2-2-2','2-2-2-2-2-2-2-2-2-2-2-2-2-2-2-2','2-2-2-2-2-2-2-2-2-2-2-2-2-2-2-2','2-2-2-2-2-2-2-2-2-2-2-2-2-2-2-2','2-2-2-2-2-2-2-2-2-2-2-2-2-2-2-2','2-2-2-2-2-2-2-2-2-2-2-2-2-2-2-2','2-2-2-2-2-2-2-2-2-2-2-2-2-2-2-2','2-2-2-2-2-2-2-2-2-2-2-2-2-2-2-2','2-2-2-2-2-2-2-2-2-2-2-2-2-2-2-2','中英'),
 (230,5,4,4,'2014-11-17 08:30:00',100,'2-2-2-2-2-2-2-2-2-2-2-2-2-2-2-2','2-2-2-2-2-2-2-2-2-2-2-2-2-2-2-2','2-2-2-2-2-2-2-2-2-2-2-2-2-2-2-2','2-2-2-2-2-2-2-2-2-2-2-2-2-2-2-2','2-2-2-2-2-2-2-2-2-2-2-2-2-2-2-2','2-2-2-2-2-2-2-2-2-2-2-2-2-2-2-2','2-2-2-2-2-2-2-2-2-2-2-2-2-2-2-2','2-2-2-2-2-2-2-2-2-2-2-2-2-2-2-2','2-2-2-2-2-2-2-2-2-2-2-2-2-2-2-2','中英'),
 (231,5,5,5,'2014-11-17 08:30:00',60,'2-2-2-2-2-2-2-2-2-2-2-2-2-2-2-2','2-2-2-2-2-2-2-2-2-2-2-2-2-2-2-2','2-2-2-2-2-2-2-2-2-2-2-2-2-2-2-2','2-2-2-2-2-2-2-2-2-2-2-2-2-2-2-2','2-2-2-2-2-2-2-2-2-2-2-2-2-2-2-2','2-2-2-2-2-2-2-2-2-2-2-2-2-2-2-2','2-2-2-2-2-2-2-2-2-2-2-2-2-2-2-2','2-2-2-2-2-2-2-2-2-2-2-2-2-2-2-2','2-2-2-2-2-2-2-2-2-2-2-2-2-2-2-2','国语'),
 (232,5,6,6,'2014-11-17 08:30:00',60,'2-2-2-2-2-2-2-2-2-2-2-2-2-2-2-2','2-2-2-2-2-2-2-2-2-2-2-2-2-2-2-2','2-2-2-2-2-2-2-2-2-2-2-2-2-2-2-2','2-2-2-2-2-2-2-2-2-2-2-2-2-2-2-2','2-2-2-2-2-2-2-2-2-2-2-2-2-2-2-2','2-2-2-2-2-2-2-2-2-2-2-2-2-2-2-2','2-2-2-2-2-2-2-2-2-2-2-2-2-2-2-2','2-2-2-2-2-2-2-2-2-2-2-2-2-2-2-2','2-2-2-2-2-2-2-2-2-2-2-2-2-2-2-2','国语'),
 (233,5,7,7,'2014-11-17 08:30:00',60,'2-2-2-2-2-2-2-2-2-2-2-2-2-2-2-2','2-2-2-2-2-2-2-2-2-2-2-2-2-2-2-2','2-2-2-2-2-2-2-2-2-2-2-2-2-2-2-2','2-2-2-2-2-2-2-2-2-2-2-2-2-2-2-2','2-2-2-2-2-2-2-2-2-2-2-2-2-2-2-2','2-2-2-2-2-2-2-2-2-2-2-2-2-2-2-2','2-2-2-2-2-2-2-2-2-2-2-2-2-2-2-2','2-2-2-2-2-2-2-2-2-2-2-2-2-2-2-2','2-2-2-2-2-2-2-2-2-2-2-2-2-2-2-2','国语'),
 (234,5,9,8,'2014-11-17 08:30:00',60,'2-2-2-2-2-2-2-2-2-2-2-2-2-2-2-2','2-2-2-2-2-2-2-2-2-2-2-2-2-2-2-2','2-2-2-2-2-2-2-2-2-2-2-2-2-2-2-2','2-2-2-2-2-2-2-2-2-2-2-2-2-2-2-2','2-2-2-2-2-2-2-2-2-2-2-2-2-2-2-2','2-2-2-2-2-2-2-2-2-2-2-2-2-2-2-2','2-2-2-2-2-2-2-2-2-2-2-2-2-2-2-2','2-2-2-2-2-2-2-2-2-2-2-2-2-2-2-2','2-2-2-2-2-2-2-2-2-2-2-2-2-2-2-2','国语'),
 (235,5,2,1,'2014-11-17 11:00:00',100,'2-2-2-2-2-2-2-2-2-2-2-2-2-2-2-2','2-2-2-2-2-2-2-2-2-2-2-2-2-2-2-2','2-2-2-2-2-2-2-2-2-2-2-2-2-2-2-2','2-2-2-2-2-2-2-2-2-2-2-2-2-2-2-2','2-2-2-2-2-2-2-2-2-2-2-2-2-2-2-2','2-2-2-2-2-2-2-2-2-2-2-2-2-2-2-2','2-2-2-2-2-2-2-2-2-2-2-2-2-2-2-2','2-2-2-2-2-2-2-2-2-2-2-2-2-2-2-2','2-2-2-2-2-2-2-2-2-2-2-2-2-2-2-2','中英'),
 (236,5,3,2,'2014-11-17 11:00:00',100,'2-2-2-2-2-2-2-2-2-2-2-2-2-2-2-2','2-2-2-2-2-2-2-2-2-2-2-2-2-2-2-2','2-2-2-2-2-2-2-2-2-2-2-2-2-2-2-2','2-2-2-2-2-2-2-2-2-2-2-2-2-2-2-2','2-2-2-2-2-2-2-2-2-2-2-2-2-2-2-2','2-2-2-2-2-2-2-2-2-2-2-2-2-2-2-2','2-2-2-2-2-2-2-2-2-2-2-2-2-2-2-2','2-2-2-2-2-2-2-2-2-2-2-2-2-2-2-2','2-2-2-2-2-2-2-2-2-2-2-2-2-2-2-2','中英'),
 (237,5,4,3,'2014-11-17 11:00:00',100,'2-2-2-2-2-2-2-2-2-2-2-2-2-2-2-2','2-2-2-2-2-2-2-2-2-2-2-2-2-2-2-2','2-2-2-2-2-2-2-2-2-2-2-2-2-2-2-2','2-2-2-2-2-2-2-2-2-2-2-2-2-2-2-2','2-2-2-2-2-2-2-2-2-2-2-2-2-2-2-2','2-2-2-2-2-2-2-2-2-2-2-2-2-2-2-2','2-2-2-2-2-2-2-2-2-2-2-2-2-2-2-2','2-2-2-2-2-2-2-2-2-2-2-2-2-2-2-2','2-2-2-2-2-2-2-2-2-2-2-2-2-2-2-2','中英'),
 (238,5,5,4,'2014-11-17 11:00:00',60,'2-2-2-2-2-2-2-2-2-2-2-2-2-2-2-2','2-2-2-2-2-2-2-2-2-2-2-2-2-2-2-2','2-2-2-2-2-2-2-2-2-2-2-2-2-2-2-2','2-2-2-2-2-2-2-2-2-2-2-2-2-2-2-2','2-2-2-2-2-2-2-2-2-2-2-2-2-2-2-2','2-2-2-2-2-2-2-2-2-2-2-2-2-2-2-2','2-2-2-2-2-2-2-2-2-2-2-2-2-2-2-2','2-2-2-2-2-2-2-2-2-2-2-2-2-2-2-2','2-2-2-2-2-2-2-2-2-2-2-2-2-2-2-2','国语'),
 (239,5,6,5,'2014-11-17 11:00:00',60,'2-2-2-2-2-2-2-2-2-2-2-2-2-2-2-2','2-2-2-2-2-2-2-2-2-2-2-2-2-2-2-2','2-2-2-2-2-2-2-2-2-2-2-2-2-2-2-2','2-2-2-2-2-2-2-2-2-2-2-2-2-2-2-2','2-2-2-2-2-2-2-2-2-2-2-2-2-2-2-2','2-2-2-2-2-2-2-2-2-2-2-2-2-2-2-2','2-2-2-2-2-2-2-2-2-2-2-2-2-2-2-2','2-2-2-2-2-2-2-2-2-2-2-2-2-2-2-2','2-2-2-2-2-2-2-2-2-2-2-2-2-2-2-2','国语'),
 (240,5,7,6,'2014-11-17 11:00:00',60,'2-2-2-2-2-2-2-2-2-2-2-2-2-2-2-2','2-2-2-2-2-2-2-2-2-2-2-2-2-2-2-2','2-2-2-2-2-2-2-2-2-2-2-2-2-2-2-2','2-2-2-2-2-2-2-2-2-2-2-2-2-2-2-2','2-2-2-2-2-2-2-2-2-2-2-2-2-2-2-2','2-2-2-2-2-2-2-2-2-2-2-2-2-2-2-2','2-2-2-2-2-2-2-2-2-2-2-2-2-2-2-2','2-2-2-2-2-2-2-2-2-2-2-2-2-2-2-2','2-2-2-2-2-2-2-2-2-2-2-2-2-2-2-2','国语'),
 (241,5,9,7,'2014-11-17 11:00:00',60,'2-2-2-2-2-2-2-2-2-2-2-2-2-2-2-2','2-2-2-2-2-2-2-2-2-2-2-2-2-2-2-2','2-2-2-2-2-2-2-2-2-2-2-2-2-2-2-2','2-2-2-2-2-2-2-2-2-2-2-2-2-2-2-2','2-2-2-2-2-2-2-2-2-2-2-2-2-2-2-2','2-2-2-2-2-2-2-2-2-2-2-2-2-2-2-2','2-2-2-2-2-2-2-2-2-2-2-2-2-2-2-2','2-2-2-2-2-2-2-2-2-2-2-2-2-2-2-2','2-2-2-2-2-2-2-2-2-2-2-2-2-2-2-2','国语'),
 (242,5,1,8,'2014-11-17 11:00:00',100,'2-2-2-2-2-2-2-2-2-2-2-2-2-2-2-2','2-2-2-2-2-2-2-2-2-2-2-2-2-2-2-2','2-2-2-2-2-2-2-2-2-2-2-2-2-2-2-2','2-2-2-2-2-2-2-2-2-2-2-2-2-2-2-2','2-2-2-2-2-2-2-2-2-2-2-2-2-2-2-2','2-2-2-2-2-2-2-2-2-2-2-2-2-2-2-2','2-2-2-2-2-2-2-2-2-2-2-2-2-2-2-2','2-2-2-2-2-2-2-2-2-2-2-2-2-2-2-2','2-2-2-2-2-2-2-2-2-2-2-2-2-2-2-2','中英'),
 (243,5,3,1,'2014-11-17 13:30:00',100,'2-2-2-2-2-2-2-2-2-2-2-2-2-2-2-2','2-2-2-2-2-2-2-2-2-2-2-2-2-2-2-2','2-2-2-2-2-2-2-2-2-2-2-2-2-2-2-2','2-2-2-2-2-2-2-2-2-2-2-2-2-2-2-2','2-2-2-2-2-2-2-2-2-2-2-2-2-2-2-2','2-2-2-2-2-2-2-2-2-2-2-2-2-2-2-2','2-2-2-2-2-2-2-2-2-2-2-2-2-2-2-2','2-2-2-2-2-2-2-2-2-2-2-2-2-2-2-2','2-2-2-2-2-2-2-2-2-2-2-2-2-2-2-2','中英'),
 (244,5,4,2,'2014-11-17 13:30:00',100,'2-2-2-2-2-2-2-2-2-2-2-2-2-2-2-2','2-2-2-2-2-2-2-2-2-2-2-2-2-2-2-2','2-2-2-2-2-2-2-2-2-2-2-2-2-2-2-2','2-2-2-2-2-2-2-2-2-2-2-2-2-2-2-2','2-2-2-2-2-2-2-2-2-2-2-2-2-2-2-2','2-2-2-2-2-2-2-2-2-2-2-2-2-2-2-2','2-2-2-2-2-2-2-2-2-2-2-2-2-2-2-2','2-2-2-2-2-2-2-2-2-2-2-2-2-2-2-2','2-2-2-2-2-2-2-2-2-2-2-2-2-2-2-2','中英'),
 (245,5,5,3,'2014-11-17 13:30:00',60,'2-2-2-2-2-2-2-2-2-2-2-2-2-2-2-2','2-2-2-2-2-2-2-2-2-2-2-2-2-2-2-2','2-2-2-2-2-2-2-2-2-2-2-2-2-2-2-2','2-2-2-2-2-2-2-2-2-2-2-2-2-2-2-2','2-2-2-2-2-2-2-2-2-2-2-2-2-2-2-2','2-2-2-2-2-2-2-2-2-2-2-2-2-2-2-2','2-2-2-2-2-2-2-2-2-2-2-2-2-2-2-2','2-2-2-2-2-2-2-2-2-2-2-2-2-2-2-2','2-2-2-2-2-2-2-2-2-2-2-2-2-2-2-2','国语'),
 (246,5,6,4,'2014-11-17 13:30:00',60,'2-2-2-2-2-2-2-2-2-2-2-2-2-2-2-2','2-2-2-2-2-2-2-2-2-2-2-2-2-2-2-2','2-2-2-2-2-2-2-2-2-2-2-2-2-2-2-2','2-2-2-2-2-2-2-2-2-2-2-2-2-2-2-2','2-2-2-2-2-2-2-2-2-2-2-2-2-2-2-2','2-2-2-2-2-2-2-2-2-2-2-2-2-2-2-2','2-2-2-2-2-2-2-2-2-2-2-2-2-2-2-2','2-2-2-2-2-2-2-2-2-2-2-2-2-2-2-2','2-2-2-2-2-2-2-2-2-2-2-2-2-2-2-2','国语'),
 (247,5,7,5,'2014-11-17 13:30:00',60,'2-2-2-2-2-2-2-2-2-2-2-2-2-2-2-2','2-2-2-2-2-2-2-2-2-2-2-2-2-2-2-2','2-2-2-2-2-2-2-2-2-2-2-2-2-2-2-2','2-2-2-2-2-2-2-2-2-2-2-2-2-2-2-2','2-2-2-2-2-2-2-2-2-2-2-2-2-2-2-2','2-2-2-2-2-2-2-2-2-2-2-2-2-2-2-2','2-2-2-2-2-2-2-2-2-2-2-2-2-2-2-2','2-2-2-2-2-2-2-2-2-2-2-2-2-2-2-2','2-2-2-2-2-2-2-2-2-2-2-2-2-2-2-2','国语'),
 (248,5,9,6,'2014-11-17 13:30:00',60,'2-2-2-2-2-2-2-2-2-2-2-2-2-2-2-2','2-2-2-2-2-2-2-2-2-2-2-2-2-2-2-2','2-2-2-2-2-2-2-2-2-2-2-2-2-2-2-2','2-2-2-2-2-2-2-2-2-2-2-2-2-2-2-2','2-2-2-2-2-2-2-2-2-2-2-2-2-2-2-2','2-2-2-2-2-2-2-2-2-2-2-2-2-2-2-2','2-2-2-2-2-2-2-2-2-2-2-2-2-2-2-2','2-2-2-2-2-2-2-2-2-2-2-2-2-2-2-2','2-2-2-2-2-2-2-2-2-2-2-2-2-2-2-2','国语'),
 (249,5,1,7,'2014-11-17 13:30:00',100,'2-2-2-2-2-2-2-2-2-2-2-2-2-2-2-2','2-2-2-2-2-2-2-2-2-2-2-2-2-2-2-2','2-2-2-2-2-2-2-2-2-2-2-2-2-2-2-2','2-2-2-2-2-2-2-2-2-2-2-2-2-2-2-2','2-2-2-2-2-2-2-2-2-2-2-2-2-2-2-2','2-2-2-2-2-2-2-2-2-2-2-2-2-2-2-2','2-2-2-2-2-2-2-2-2-2-2-2-2-2-2-2','2-2-2-2-2-2-1-2-2-2-2-2-2-2-2-2','2-2-2-2-2-2-2-2-2-2-2-2-2-2-2-2','中英'),
 (250,5,2,8,'2014-11-17 13:30:00',100,'2-2-2-2-2-2-2-2-2-2-2-2-2-2-2-2','2-2-2-2-2-2-2-2-2-2-2-2-2-2-2-2','2-2-2-2-2-2-2-2-2-2-2-2-2-2-2-2','2-2-2-2-2-2-2-2-2-2-2-2-2-2-2-2','2-2-2-2-2-2-2-2-2-2-2-2-2-2-2-2','2-2-2-2-2-2-2-2-2-2-2-2-2-2-2-2','2-2-2-2-2-2-2-2-2-2-2-2-2-2-2-2','2-2-2-2-2-2-2-2-2-2-2-2-2-2-2-2','2-2-2-2-2-2-2-2-2-2-2-2-2-2-2-2','中英'),
 (251,5,4,1,'2014-11-17 16:00:00',100,'2-2-2-2-2-2-2-2-2-2-2-2-2-2-2-2','2-2-2-2-2-2-2-2-2-2-2-2-2-2-2-2','2-2-2-2-2-2-2-2-2-2-2-2-2-2-2-2','2-2-2-2-2-2-2-2-2-2-2-2-2-2-2-2','2-2-2-2-2-2-2-2-2-2-2-2-2-2-2-2','2-2-2-2-2-2-2-2-2-2-2-2-2-2-2-2','2-2-2-2-2-2-2-2-2-2-2-2-2-2-2-2','2-2-2-2-2-2-2-2-2-2-2-2-2-2-2-2','2-2-2-2-2-2-2-2-2-2-2-2-2-2-2-2','中英'),
 (252,5,5,2,'2014-11-17 16:00:00',60,'2-2-2-2-2-2-2-2-2-2-2-2-2-2-2-2','2-2-2-2-2-2-2-2-2-2-2-2-2-2-2-2','2-2-2-2-2-2-2-2-2-2-2-2-2-2-2-2','2-2-2-2-2-2-2-2-2-2-2-2-2-2-2-2','2-2-2-2-2-2-2-2-2-2-2-2-2-2-2-2','2-2-2-2-2-2-2-2-2-2-2-2-2-2-2-2','2-2-2-2-2-2-2-2-2-2-2-2-2-2-2-2','2-2-2-2-2-2-2-2-2-2-2-2-2-2-2-2','2-2-2-2-2-2-2-2-2-2-2-2-2-2-2-2','国语'),
 (253,5,6,3,'2014-11-17 16:00:00',60,'2-2-2-2-2-2-2-2-2-2-2-2-2-2-2-2','2-2-2-2-2-2-2-2-2-2-2-2-2-2-2-2','2-2-2-2-2-2-2-2-2-2-2-2-2-2-2-2','2-2-2-2-2-2-2-2-2-2-2-2-2-2-2-2','2-2-2-2-2-2-2-2-2-2-2-2-2-2-2-2','2-2-2-2-2-2-2-2-2-2-2-2-2-2-2-2','2-2-2-2-2-2-2-2-2-2-2-2-2-2-2-2','2-2-2-2-2-2-2-2-2-2-2-2-2-2-2-2','2-2-2-2-2-2-2-2-2-2-2-2-2-2-2-2','国语'),
 (254,5,7,4,'2014-11-17 16:00:00',60,'2-2-2-2-2-2-2-2-2-2-2-2-2-2-2-2','2-2-2-2-2-2-2-2-2-2-2-2-2-2-2-2','2-2-2-2-2-2-2-2-2-2-2-2-2-2-2-2','2-2-2-2-2-2-2-2-2-2-2-2-2-2-2-2','2-2-2-2-2-2-2-2-2-2-2-2-2-2-2-2','2-2-2-2-2-2-2-2-2-2-2-2-2-2-2-2','2-2-2-2-2-2-2-2-2-2-2-2-2-2-2-2','2-2-2-2-2-2-2-2-2-2-2-2-2-2-2-2','2-2-2-2-2-2-2-2-2-2-2-2-2-2-2-2','国语'),
 (255,5,9,5,'2014-11-17 16:00:00',60,'2-2-2-2-2-2-2-2-2-2-2-2-2-2-2-2','2-2-2-2-2-2-2-2-2-2-2-2-2-2-2-2','2-2-2-2-2-2-2-2-2-2-2-2-2-2-2-2','2-2-2-2-2-2-2-2-2-2-2-2-2-2-2-2','2-2-2-2-2-2-2-2-2-2-2-2-2-2-2-2','2-2-2-2-2-2-2-2-2-2-2-2-2-2-2-2','2-2-2-2-2-2-2-2-2-2-2-2-2-2-2-2','2-2-2-2-2-2-2-2-2-2-2-2-2-2-2-2','2-2-2-2-2-2-2-2-2-2-2-2-2-2-2-2','国语'),
 (256,5,1,6,'2014-11-17 16:00:00',100,'2-2-2-2-2-2-2-2-2-2-2-2-2-2-2-2','2-2-2-2-2-2-2-2-2-2-2-2-2-2-2-2','2-2-2-2-2-2-2-2-2-2-2-2-2-2-2-2','2-2-2-2-2-2-2-2-2-2-2-2-2-2-2-2','2-2-2-2-2-2-2-2-2-2-2-2-2-2-2-2','2-2-2-2-2-2-2-2-2-2-2-2-2-2-2-2','2-2-2-2-2-2-2-2-2-2-2-2-2-2-2-2','2-2-2-2-2-2-2-2-2-2-2-2-2-2-2-2','2-2-2-2-2-2-2-2-2-2-2-2-2-2-2-2','中英'),
 (257,5,2,7,'2014-11-17 16:00:00',100,'2-2-2-2-2-2-2-2-2-2-2-2-2-2-2-2','2-2-2-2-2-2-2-2-2-2-2-2-2-2-2-2','2-2-2-2-2-2-2-2-2-2-2-2-2-2-2-2','2-2-2-2-2-2-2-2-2-2-2-2-2-2-2-2','2-2-2-2-2-2-2-2-2-2-2-2-2-2-2-2','2-2-2-2-2-2-2-2-2-2-2-2-2-2-2-2','2-2-2-2-2-2-2-2-2-2-2-2-2-2-2-2','2-2-2-2-2-2-2-2-2-2-2-2-2-2-2-2','2-2-2-2-2-2-2-2-2-2-2-2-2-2-2-2','中英'),
 (258,5,3,8,'2014-11-17 16:00:00',100,'2-2-2-2-2-2-2-2-2-2-2-2-2-2-2-2','2-2-2-2-2-2-2-2-2-2-2-2-2-2-2-2','2-2-2-2-2-2-2-2-2-2-2-2-2-2-2-2','2-2-2-2-2-2-2-2-2-2-2-2-2-2-2-2','2-2-2-2-2-2-2-2-2-2-2-2-2-2-2-2','2-2-2-2-2-2-2-2-2-2-2-2-2-2-2-2','2-2-2-2-2-2-2-2-2-2-2-2-2-2-2-2','2-2-2-2-2-2-2-2-2-2-2-2-2-2-2-2','2-2-2-2-2-2-2-2-2-2-2-2-2-2-2-2','中英'),
 (259,5,5,1,'2014-11-17 18:30:00',60,'2-2-2-2-2-2-2-2-2-2-2-2-2-2-2-2','2-2-2-2-2-2-2-2-2-2-2-2-2-2-2-2','2-2-2-2-2-2-2-2-2-2-2-2-2-2-2-2','2-2-2-2-2-2-2-2-2-2-2-2-2-2-2-2','2-2-2-2-2-2-2-2-2-2-2-2-2-2-2-2','2-2-2-2-2-2-2-2-2-2-2-2-2-2-2-2','2-2-2-2-2-2-2-2-2-2-2-2-2-2-2-2','2-2-2-2-2-2-2-2-2-2-2-2-2-2-2-2','2-2-2-2-2-2-2-2-2-2-2-2-2-2-2-2','国语'),
 (260,5,6,2,'2014-11-17 18:30:00',60,'2-2-2-2-2-2-2-2-2-2-2-2-2-2-2-2','2-2-2-2-2-2-2-2-2-2-2-2-2-2-2-2','2-2-2-2-2-2-2-2-2-2-2-2-2-2-2-2','2-2-2-2-2-2-2-2-2-2-2-2-2-2-2-2','2-2-2-2-2-2-2-2-2-2-2-2-2-2-2-2','2-2-2-2-2-2-2-2-2-2-2-2-2-2-2-2','2-2-2-2-2-2-2-2-2-2-2-2-2-2-2-2','2-2-2-2-2-2-2-2-2-2-2-2-2-2-2-2','2-2-2-2-2-2-2-2-2-2-2-2-2-2-2-2','国语'),
 (261,5,7,3,'2014-11-17 18:30:00',60,'2-2-2-2-2-2-2-2-2-2-2-2-2-2-2-2','2-2-2-2-2-2-2-2-2-2-2-2-2-2-2-2','2-2-2-2-2-2-2-2-2-2-2-2-2-2-2-2','2-2-2-2-2-2-2-2-2-2-2-2-2-2-2-2','2-2-2-2-2-2-2-2-2-2-2-2-2-2-2-2','2-2-2-2-2-2-2-2-2-2-2-2-2-2-2-2','2-2-2-2-2-2-2-2-2-2-2-2-2-2-2-2','2-2-2-2-2-2-2-2-2-2-2-2-2-2-2-2','2-2-2-2-2-2-2-2-2-2-2-2-2-2-2-2','国语'),
 (262,5,9,4,'2014-11-17 18:30:00',60,'2-2-2-2-2-2-2-2-2-2-2-2-2-2-2-2','2-2-2-2-2-2-2-2-2-2-2-2-2-2-2-2','2-2-2-2-2-2-2-2-2-2-2-2-2-2-2-2','2-2-2-2-2-2-2-2-2-2-2-2-2-2-2-2','2-2-2-2-2-2-2-2-2-2-2-2-2-2-2-2','2-2-2-2-2-2-2-2-2-2-2-2-2-2-2-2','2-2-2-2-2-2-2-2-2-2-2-2-2-2-2-2','2-2-2-2-2-2-2-2-2-2-2-2-2-2-2-2','2-2-2-2-2-2-2-2-2-2-2-2-2-2-2-2','国语'),
 (263,5,1,5,'2014-11-17 18:30:00',100,'2-2-2-2-2-2-2-2-2-2-2-2-2-2-2-2','2-2-2-2-2-2-2-2-2-2-2-2-2-2-2-2','2-2-2-2-2-2-2-2-2-2-2-2-2-2-2-2','2-2-2-2-2-2-2-2-2-2-2-2-2-2-2-2','2-2-2-2-2-2-2-2-2-2-2-2-2-2-2-2','2-2-2-2-2-2-2-2-2-2-2-2-2-2-2-2','2-2-2-2-2-2-2-2-2-2-2-2-2-2-2-2','2-2-2-2-2-2-2-2-2-2-2-2-2-2-2-2','2-2-2-2-2-2-2-2-2-2-2-2-2-2-2-2','中英');
INSERT INTO `showmoive` (`sno`,`tno`,`mno`,`shallno`,`stime`,`sprice`,`sseatsatust1`,`sseatsatust2`,`sseatsatust3`,`sseatsatust4`,`sseatsatust5`,`sseatsatust6`,`sseatsatust7`,`sseatsatust8`,`sseatsatust9`,`slanguage`) VALUES 
 (264,5,2,6,'2014-11-17 18:30:00',100,'2-2-2-2-2-2-2-2-2-2-2-2-2-2-2-2','2-2-2-2-2-2-2-2-2-2-2-2-2-2-2-2','2-2-2-2-2-2-2-2-2-2-2-2-2-2-2-2','2-2-2-2-2-2-2-2-2-2-2-2-2-2-2-2','2-2-2-2-2-2-2-2-2-2-2-2-2-2-2-2','2-2-2-2-2-2-2-2-2-2-2-2-2-2-2-2','2-2-2-2-2-2-2-2-2-2-2-2-2-2-2-2','2-2-2-2-2-2-2-2-2-2-2-2-2-2-2-2','2-2-2-2-2-2-2-2-2-2-2-2-2-2-2-2','中英'),
 (265,5,3,7,'2014-11-17 18:30:00',100,'2-2-2-2-2-2-2-2-2-2-2-2-2-2-2-2','2-2-2-2-2-2-2-2-2-2-2-2-2-2-2-2','2-2-2-2-2-2-2-2-2-2-2-2-2-2-2-2','2-2-2-2-2-2-2-2-2-2-2-2-2-2-2-2','2-2-2-2-2-2-2-2-2-2-2-2-2-2-2-2','2-2-2-2-2-2-2-2-2-2-2-2-2-2-2-2','2-2-2-2-2-2-2-2-2-2-2-2-2-2-2-2','2-2-2-2-2-2-2-2-2-2-2-2-2-2-2-2','2-2-2-2-2-2-2-2-2-2-2-2-2-2-2-2','中英'),
 (266,5,4,8,'2014-11-17 18:30:00',100,'2-2-2-2-2-2-2-2-2-2-2-2-2-2-2-2','2-2-2-2-2-2-2-2-2-2-2-2-2-2-2-2','2-2-2-2-2-2-2-2-2-2-2-2-2-2-2-2','2-2-2-2-2-2-2-2-2-2-2-2-2-2-2-2','2-2-2-2-2-2-2-2-2-2-2-2-2-2-2-2','2-2-2-2-2-2-2-2-2-2-2-2-2-2-2-2','2-2-2-2-2-2-2-2-2-2-2-2-2-2-2-2','2-2-2-2-2-2-2-2-2-2-2-2-2-2-2-2','2-2-2-2-2-2-2-2-2-2-2-2-2-2-2-2','中英'),
 (267,5,6,1,'2014-11-17 21:00:00',60,'2-2-2-2-2-2-2-2-2-2-2-2-2-2-2-2','2-2-2-2-2-2-2-2-2-2-2-2-2-2-2-2','2-2-2-2-2-2-2-2-2-2-2-2-2-2-2-2','2-2-2-2-2-2-2-2-2-2-2-2-2-2-2-2','2-2-2-2-2-2-2-2-2-2-2-2-2-2-2-2','2-2-2-2-2-2-2-2-2-2-2-2-2-2-2-2','2-2-2-2-2-2-2-2-2-2-2-2-2-2-2-2','2-2-2-2-2-2-2-2-2-2-2-2-2-2-2-2','2-2-2-2-2-2-2-2-2-2-2-2-2-2-2-2','国语'),
 (268,5,7,2,'2014-11-17 21:00:00',60,'2-2-2-2-2-2-2-2-2-2-2-2-2-2-2-2','2-2-2-2-2-2-2-2-2-2-2-2-2-2-2-2','2-2-2-2-2-2-2-2-2-2-2-2-2-2-2-2','2-2-2-2-2-2-2-2-2-2-2-2-2-2-2-2','2-2-2-2-2-2-2-2-2-2-2-2-2-2-2-2','2-2-2-2-2-2-2-2-2-2-2-2-2-2-2-2','2-2-2-2-2-2-2-2-2-2-2-2-2-2-2-2','2-2-2-2-2-2-2-2-2-2-2-2-2-2-2-2','2-2-2-2-2-2-2-2-2-2-2-2-2-2-2-2','国语'),
 (269,5,9,3,'2014-11-17 21:00:00',60,'2-2-2-2-2-2-2-2-2-2-2-2-2-2-2-2','2-2-2-2-2-2-2-2-2-2-2-2-2-2-2-2','2-2-2-2-2-2-2-2-2-2-2-2-2-2-2-2','2-2-2-2-2-2-2-2-2-2-2-2-2-2-2-2','2-2-2-2-2-2-2-2-2-2-2-2-2-2-2-2','2-2-2-2-2-2-2-2-2-2-2-2-2-2-2-2','2-2-2-2-2-2-2-2-2-2-2-2-2-2-2-2','2-2-2-2-2-2-2-2-2-2-2-2-2-2-2-2','2-2-2-2-2-2-2-2-2-2-2-2-2-2-2-2','国语'),
 (270,5,1,4,'2014-11-17 21:00:00',120,'2-2-2-2-2-2-2-2-2-2-2-2-2-2-2-2','2-2-2-2-2-2-2-2-2-2-2-2-2-2-2-2','2-2-2-2-2-2-2-2-2-2-2-2-2-2-2-2','2-2-2-2-2-2-2-2-2-2-2-2-2-2-2-2','2-2-2-2-2-2-2-2-2-2-2-2-2-2-2-2','2-2-2-2-2-2-2-2-2-2-2-2-2-2-2-2','2-2-2-2-2-2-2-2-2-2-2-2-2-2-2-2','2-2-2-2-2-2-2-2-2-2-2-2-2-2-2-2','2-2-2-2-2-2-2-2-2-2-2-2-2-2-2-2','中英'),
 (271,5,2,5,'2014-11-17 21:00:00',120,'2-2-2-2-2-2-2-2-2-2-2-2-2-2-2-2','2-2-2-2-2-2-2-2-2-2-2-2-2-2-2-2','2-2-2-2-2-2-2-2-2-2-2-2-2-2-2-2','2-2-2-2-2-2-2-2-2-2-2-2-2-2-2-2','2-2-2-2-2-2-2-2-2-2-2-2-2-2-2-2','2-2-2-2-2-2-2-2-2-2-2-2-2-2-2-2','2-2-2-2-2-2-2-2-2-2-2-2-2-2-2-2','2-2-2-2-2-2-2-2-2-2-2-2-2-2-2-2','2-2-2-2-2-2-2-2-2-2-2-2-2-2-2-2','中英'),
 (272,5,3,6,'2014-11-17 21:00:00',120,'2-2-2-2-2-2-2-2-2-2-2-2-2-2-2-2','2-2-2-2-2-2-2-2-2-2-2-2-2-2-2-2','2-2-2-2-2-2-2-2-2-2-2-2-2-2-2-2','2-2-2-2-2-2-2-2-2-2-2-2-2-2-2-2','2-2-2-2-2-2-2-2-2-2-2-2-2-2-2-2','2-2-2-2-2-2-2-2-2-2-2-2-2-2-2-2','2-2-2-2-2-2-2-2-2-2-2-2-2-2-2-2','2-2-2-2-2-2-2-2-2-2-2-2-2-2-2-2','2-2-2-2-2-2-2-2-2-2-2-2-2-2-2-2','中英'),
 (273,5,4,7,'2014-11-17 21:00:00',120,'2-2-2-2-2-2-2-2-2-2-2-2-2-2-2-2','2-2-2-2-2-2-2-2-2-2-2-2-2-2-2-2','2-2-2-2-2-2-2-2-2-2-2-2-2-2-2-2','2-2-2-2-2-2-2-2-2-2-2-2-2-2-2-2','2-2-2-2-2-2-2-2-2-2-2-2-2-2-2-2','2-2-2-2-2-2-2-2-2-2-2-2-2-2-2-2','2-2-2-2-2-2-2-2-2-2-2-2-2-2-2-2','2-2-2-2-2-2-2-2-2-2-2-2-2-2-2-2','2-2-2-2-2-2-2-2-2-2-2-2-2-2-2-2','中英'),
 (274,5,5,8,'2014-11-17 21:00:00',60,'2-2-2-2-2-2-2-2-2-2-2-2-2-2-2-2','2-2-2-2-2-2-2-2-2-2-2-2-2-2-2-2','2-2-2-2-2-2-2-2-2-2-2-2-2-2-2-2','2-2-2-2-2-2-2-2-2-2-2-2-2-2-2-2','2-2-2-2-2-2-2-2-2-2-2-2-2-2-2-2','2-2-2-2-2-2-2-2-2-2-2-2-2-2-2-2','2-2-2-2-2-2-2-2-2-2-2-2-2-2-2-2','2-2-2-2-2-2-2-2-2-2-2-2-2-2-2-2','2-2-2-2-2-2-2-2-2-2-2-2-2-2-2-2','国语'),
 (275,6,1,1,'2014-11-17 08:30:00',100,'2-2-2-2-2-2-2-2-2-2-2-2-2-2-2-2','2-2-2-2-2-2-2-2-2-2-2-2-2-2-2-2','2-2-2-2-2-2-2-2-2-2-2-2-2-2-2-2','2-2-2-2-2-2-2-2-2-2-2-2-2-2-2-2','2-2-2-2-2-2-2-2-2-2-2-2-2-2-2-2','2-2-2-2-2-2-2-2-2-2-2-2-2-2-2-2','2-2-2-2-2-2-2-2-2-2-2-2-2-2-2-2','2-2-2-2-2-2-2-2-2-2-2-2-2-2-2-2','2-2-2-2-2-2-2-2-2-2-2-2-2-2-2-2','中英'),
 (276,6,2,2,'2014-11-17 08:30:00',100,'2-2-2-2-2-2-2-2-2-2-2-2-2-2-2-2','2-2-2-2-2-2-2-2-2-2-2-2-2-2-2-2','2-2-2-2-2-2-2-2-2-2-2-2-2-2-2-2','2-2-2-2-2-2-2-2-2-2-2-2-2-2-2-2','2-2-2-2-2-2-2-2-2-2-2-2-2-2-2-2','2-2-2-2-2-2-2-2-2-2-2-2-2-2-2-2','2-2-2-2-2-2-2-2-2-2-2-2-2-2-2-2','2-2-2-2-2-2-2-2-2-2-2-2-2-2-2-2','2-2-2-2-2-2-2-2-2-2-2-2-2-2-2-2','中英'),
 (277,6,3,3,'2014-11-17 08:30:00',100,'2-2-2-2-2-2-2-2-2-2-2-2-2-2-2-2','2-2-2-2-2-2-2-2-2-2-2-2-2-2-2-2','2-2-2-2-2-2-2-2-2-2-2-2-2-2-2-2','2-2-2-2-2-2-2-2-2-2-2-2-2-2-2-2','2-2-2-2-2-2-2-2-2-2-2-2-2-2-2-2','2-2-2-2-2-2-2-2-2-2-2-2-2-2-2-2','2-2-2-2-2-2-2-2-2-2-2-2-2-2-2-2','2-2-2-2-2-2-2-2-2-2-2-2-2-2-2-2','2-2-2-2-2-2-2-2-2-2-2-2-2-2-2-2','中英'),
 (278,6,4,4,'2014-11-17 08:30:00',100,'2-2-2-2-2-2-2-2-2-2-2-2-2-2-2-2','2-2-2-2-2-2-2-2-2-2-2-2-2-2-2-2','2-2-2-2-2-2-2-2-2-2-2-2-2-2-2-2','2-2-2-2-2-2-2-2-2-2-2-2-2-2-2-2','2-2-2-2-2-2-2-2-2-2-2-2-2-2-2-2','2-2-2-2-2-2-2-2-2-2-2-2-2-2-2-2','2-2-2-2-2-2-2-2-2-2-2-2-2-2-2-2','2-2-2-2-2-2-2-2-2-2-2-2-2-2-2-2','2-2-2-2-2-2-2-2-2-2-2-2-2-2-2-2','中英'),
 (279,6,5,5,'2014-11-17 08:30:00',60,'2-2-2-2-2-2-2-2-2-2-2-2-2-2-2-2','2-2-2-2-2-2-2-2-2-2-2-2-2-2-2-2','2-2-2-2-2-2-2-2-2-2-2-2-2-2-2-2','2-2-2-2-2-2-2-2-2-2-2-2-2-2-2-2','2-2-2-2-2-2-2-2-2-2-2-2-2-2-2-2','2-2-2-2-2-2-2-2-2-2-2-2-2-2-2-2','2-2-2-2-2-2-2-2-2-2-2-2-2-2-2-2','2-2-2-2-2-2-2-2-2-2-2-2-2-2-2-2','2-2-2-2-2-2-2-2-2-2-2-2-2-2-2-2','国语'),
 (280,6,6,6,'2014-11-17 08:30:00',60,'2-2-2-2-2-2-2-2-2-2-2-2-2-2-2-2','2-2-2-2-2-2-2-2-2-2-2-2-2-2-2-2','2-2-2-2-2-2-2-2-2-2-2-2-2-2-2-2','2-2-2-2-2-2-2-2-2-2-2-2-2-2-2-2','2-2-2-2-2-2-2-2-2-2-2-2-2-2-2-2','2-2-2-2-2-2-2-2-2-2-2-2-2-2-2-2','2-2-2-2-2-2-2-2-2-2-2-2-2-2-2-2','2-2-2-2-2-2-2-2-2-2-2-2-2-2-2-2','2-2-2-2-2-2-2-2-2-2-2-2-2-2-2-2','国语'),
 (281,6,7,7,'2014-11-17 08:30:00',60,'2-2-2-2-2-2-2-2-2-2-2-2-2-2-2-2','2-2-2-2-2-2-2-2-2-2-2-2-2-2-2-2','2-2-2-2-2-2-2-2-2-2-2-2-2-2-2-2','2-2-2-2-2-2-2-2-2-2-2-2-2-2-2-2','2-2-2-2-2-2-2-2-2-2-2-2-2-2-2-2','2-2-2-2-2-2-2-2-2-2-2-2-2-2-2-2','2-2-2-2-2-2-2-2-2-2-2-2-2-2-2-2','2-2-2-2-2-2-2-2-2-2-2-2-2-2-2-2','2-2-2-2-2-2-2-2-2-2-2-2-2-2-2-2','国语'),
 (282,6,9,8,'2014-11-17 08:30:00',60,'2-2-2-2-2-2-2-2-2-2-2-2-2-2-2-2','2-2-2-2-2-2-2-2-2-2-2-2-2-2-2-2','2-2-2-2-2-2-2-2-2-2-2-2-2-2-2-2','2-2-2-2-2-2-2-2-2-2-2-2-2-2-2-2','2-2-2-2-2-2-2-2-2-2-2-2-2-2-2-2','2-2-2-2-2-2-2-2-2-2-2-2-2-2-2-2','2-2-2-2-2-2-2-2-2-2-2-2-2-2-2-2','2-2-2-2-2-2-2-2-2-2-2-2-2-2-2-2','2-2-2-2-2-2-2-2-2-2-2-2-2-2-2-2','国语'),
 (283,6,2,1,'2014-11-17 11:00:00',100,'2-2-2-2-2-2-2-2-2-2-2-2-2-2-2-2','2-2-2-2-2-2-2-2-2-2-2-2-2-2-2-2','2-2-2-2-2-2-2-2-2-2-2-2-2-2-2-2','2-2-2-2-2-2-2-2-2-2-2-2-2-2-2-2','2-2-2-2-2-2-2-2-2-2-2-2-2-2-2-2','2-2-2-2-2-2-2-2-2-2-2-2-2-2-2-2','2-2-2-2-2-2-2-2-2-2-2-2-2-2-2-2','2-2-2-2-2-2-2-2-2-2-2-2-2-2-2-2','2-2-2-2-2-2-2-2-2-2-2-2-2-2-2-2','中英'),
 (284,6,3,2,'2014-11-17 11:00:00',100,'2-2-2-2-2-2-2-2-2-2-2-2-2-2-2-2','2-2-2-2-2-2-2-2-2-2-2-2-2-2-2-2','2-2-2-2-2-2-2-2-2-2-2-2-2-2-2-2','2-2-2-2-2-2-2-2-2-2-2-2-2-2-2-2','2-2-2-2-2-2-2-2-2-2-2-2-2-2-2-2','2-2-2-2-2-2-2-2-2-2-2-2-2-2-2-2','2-2-2-2-2-2-2-2-2-2-2-2-2-2-2-2','2-2-2-2-2-2-2-2-2-2-2-2-2-2-2-2','2-2-2-2-2-2-2-2-2-2-2-2-2-2-2-2','中英'),
 (285,6,4,3,'2014-11-17 11:00:00',100,'2-2-2-2-2-2-2-2-2-2-2-2-2-2-2-2','2-2-2-2-2-2-2-2-2-2-2-2-2-2-2-2','2-2-2-2-2-2-2-2-2-2-2-2-2-2-2-2','2-2-2-2-2-2-2-2-2-2-2-2-2-2-2-2','2-2-2-2-2-2-2-2-2-2-2-2-2-2-2-2','2-2-2-2-2-2-2-2-2-2-2-2-2-2-2-2','2-2-2-2-2-2-2-2-2-2-2-2-2-2-2-2','2-2-2-2-2-2-2-2-2-2-2-2-2-2-2-2','2-2-2-2-2-2-2-2-2-2-2-2-2-2-2-2','中英'),
 (286,6,5,4,'2014-11-17 11:00:00',60,'2-2-2-2-2-2-2-2-2-2-2-2-2-2-2-2','2-2-2-2-2-2-2-2-2-2-2-2-2-2-2-2','2-2-2-2-2-2-2-2-2-2-2-2-2-2-2-2','2-2-2-2-2-2-2-2-2-2-2-2-2-2-2-2','2-2-2-2-2-2-2-2-2-2-2-2-2-2-2-2','2-2-2-2-2-2-2-2-2-2-2-2-2-2-2-2','2-2-2-2-2-2-2-2-2-2-2-2-2-2-2-2','2-2-2-2-2-2-2-2-2-2-2-2-2-2-2-2','2-2-2-2-2-2-2-2-2-2-2-2-2-2-2-2','国语'),
 (287,6,6,5,'2014-11-17 11:00:00',60,'2-2-2-2-2-2-2-2-2-2-2-2-2-2-2-2','2-2-2-2-2-2-2-2-2-2-2-2-2-2-2-2','2-2-2-2-2-2-2-2-2-2-2-2-2-2-2-2','2-2-2-2-2-2-2-2-2-2-2-2-2-2-2-2','2-2-2-2-2-2-2-2-2-2-2-2-2-2-2-2','2-2-2-2-2-2-2-2-2-2-2-2-2-2-2-2','2-2-2-2-2-2-2-2-2-2-2-2-2-2-2-2','2-2-2-2-2-2-2-2-2-2-2-2-2-2-2-2','2-2-2-2-2-2-2-2-2-2-2-2-2-2-2-2','国语'),
 (288,6,7,6,'2014-11-17 11:00:00',60,'2-2-2-2-2-2-2-2-2-2-2-2-2-2-2-2','2-2-2-2-2-2-2-2-2-2-2-2-2-2-2-2','2-2-2-2-2-2-2-2-2-2-2-2-2-2-2-2','2-2-2-2-2-2-2-2-2-2-2-2-2-2-2-2','2-2-2-2-2-2-2-2-2-2-2-2-2-2-2-2','2-2-2-2-2-2-2-2-2-2-2-2-2-2-2-2','2-2-2-2-2-2-2-2-2-2-2-2-2-2-2-2','2-2-2-2-2-2-2-2-2-2-2-2-2-2-2-2','2-2-2-2-2-2-2-2-2-2-2-2-2-2-2-2','国语'),
 (289,6,9,7,'2014-11-17 11:00:00',60,'2-2-2-2-2-2-2-2-2-2-2-2-2-2-2-2','2-2-2-2-2-2-2-2-2-2-2-2-2-2-2-2','2-2-2-2-2-2-2-2-2-2-2-2-2-2-2-2','2-2-2-2-2-2-2-2-2-2-2-2-2-2-2-2','2-2-2-2-2-2-2-2-2-2-2-2-2-2-2-2','2-2-2-2-2-2-2-2-2-2-2-2-2-2-2-2','2-2-2-2-2-2-2-2-2-2-2-2-2-2-2-2','2-2-2-2-2-2-2-2-2-2-2-2-2-2-2-2','2-2-2-2-2-2-2-2-2-2-2-2-2-2-2-2','国语'),
 (290,6,1,8,'2014-11-17 11:00:00',100,'2-2-2-2-2-2-2-2-2-2-2-2-2-2-2-2','2-2-2-2-2-2-2-2-2-2-2-2-2-2-2-2','2-2-2-2-2-2-2-2-2-2-2-2-2-2-2-2','2-2-2-2-2-2-2-2-2-2-2-2-2-2-2-2','2-2-2-2-2-2-2-2-2-2-2-2-2-2-2-2','2-2-2-2-2-2-2-2-2-2-2-2-2-2-2-2','2-2-2-2-2-2-2-2-2-2-2-2-2-2-2-2','2-2-2-2-2-2-2-2-2-2-2-2-2-2-2-2','2-2-2-2-2-2-2-2-2-2-2-2-2-2-2-2','中英'),
 (291,6,3,1,'2014-11-17 13:30:00',100,'2-2-2-2-2-2-2-2-2-2-2-2-2-2-2-2','2-2-2-2-2-2-2-2-2-2-2-2-2-2-2-2','2-2-2-2-2-2-2-2-2-2-2-2-2-2-2-2','2-2-2-2-2-2-2-2-2-2-2-2-2-2-2-2','2-2-2-2-2-2-2-2-2-2-2-2-2-2-2-2','2-2-2-2-2-2-2-2-2-2-2-2-2-2-2-2','2-2-2-2-2-2-2-2-2-2-2-2-2-2-2-2','2-2-2-2-2-2-2-2-2-2-2-2-2-2-2-2','2-2-2-2-2-2-2-2-2-2-2-2-2-2-2-2','中英'),
 (292,6,4,2,'2014-11-17 13:30:00',100,'2-2-2-2-2-2-2-2-2-2-2-2-2-2-2-2','2-2-2-2-2-2-2-2-2-2-2-2-2-2-2-2','2-2-2-2-2-2-2-2-2-2-2-2-2-2-2-2','2-2-2-2-2-2-2-2-2-2-2-2-2-2-2-2','2-2-2-2-2-2-2-2-2-2-2-2-2-2-2-2','2-2-2-2-2-2-2-2-2-2-2-2-2-2-2-2','2-2-2-2-2-2-2-2-2-2-2-2-2-2-2-2','2-2-2-2-2-2-2-2-2-2-2-2-2-2-2-2','2-2-2-2-2-2-2-2-2-2-2-2-2-2-2-2','中英'),
 (293,6,5,3,'2014-11-17 13:30:00',60,'2-2-2-2-2-2-2-2-2-2-2-2-2-2-2-2','2-2-2-2-2-2-2-2-2-2-2-2-2-2-2-2','2-2-2-2-2-2-2-2-2-2-2-2-2-2-2-2','2-2-2-2-2-2-2-2-2-2-2-2-2-2-2-2','2-2-2-2-2-2-2-2-2-2-2-2-2-2-2-2','2-2-2-2-2-2-2-2-2-2-2-2-2-2-2-2','2-2-2-2-2-2-2-2-2-2-2-2-2-2-2-2','2-2-2-2-2-2-2-2-2-2-2-2-2-2-2-2','2-2-2-2-2-2-2-2-2-2-2-2-2-2-2-2','国语'),
 (294,6,6,4,'2014-11-17 13:30:00',60,'2-2-2-2-2-2-2-2-2-2-2-2-2-2-2-2','2-2-2-2-2-2-2-2-2-2-2-2-2-2-2-2','2-2-2-2-2-2-2-2-2-2-2-2-2-2-2-2','2-2-2-2-2-2-2-2-2-2-2-2-2-2-2-2','2-2-2-2-2-2-2-2-2-2-2-2-2-2-2-2','2-2-2-2-2-2-2-2-2-2-2-2-2-2-2-2','2-2-2-2-2-2-2-2-2-2-2-2-2-2-2-2','2-2-2-2-2-2-2-2-2-2-2-2-2-2-2-2','2-2-2-2-2-2-2-2-2-2-2-2-2-2-2-2','国语'),
 (295,6,7,5,'2014-11-17 13:30:00',60,'2-2-2-2-2-2-2-2-2-2-2-2-2-2-2-2','2-2-2-2-2-2-2-2-2-2-2-2-2-2-2-2','2-2-2-2-2-2-2-2-2-2-2-2-2-2-2-2','2-2-2-2-2-2-2-2-2-2-2-2-2-2-2-2','2-2-2-2-2-2-2-2-2-2-2-2-2-2-2-2','2-2-2-2-2-2-2-2-2-2-2-2-2-2-2-2','2-2-2-2-2-2-2-2-2-2-2-2-2-2-2-2','2-2-2-2-2-2-2-2-2-2-2-2-2-2-2-2','2-2-2-2-2-2-2-2-2-2-2-2-2-2-2-2','国语'),
 (296,6,9,6,'2014-11-17 13:30:00',60,'2-2-2-2-2-2-2-2-2-2-2-2-2-2-2-2','2-2-2-2-2-2-2-2-2-2-2-2-2-2-2-2','2-2-2-2-2-2-2-2-2-2-2-2-2-2-2-2','2-2-2-2-2-2-2-2-2-2-2-2-2-2-2-2','2-2-2-2-2-2-2-2-2-2-2-2-2-2-2-2','2-2-2-2-2-2-2-2-2-2-2-2-2-2-2-2','2-2-2-2-2-2-2-2-2-2-2-2-2-2-2-2','2-2-2-2-2-2-2-2-2-2-2-2-2-2-2-2','2-2-2-2-2-2-2-2-2-2-2-2-2-2-2-2','国语'),
 (297,6,1,7,'2014-11-17 13:30:00',100,'2-2-2-2-2-2-2-2-2-2-2-2-2-2-2-2','2-2-2-2-2-2-2-2-2-2-2-2-2-2-2-2','2-2-2-2-2-2-2-2-2-2-2-2-2-2-2-2','2-2-2-2-2-2-2-2-2-2-2-2-2-2-2-2','2-2-2-2-2-2-2-2-2-2-2-2-2-2-2-2','2-2-2-2-2-2-2-2-2-2-2-2-2-2-2-2','2-2-2-2-2-2-2-2-2-2-2-2-2-2-2-2','2-2-2-2-2-2-2-2-2-2-2-2-2-2-2-2','2-2-2-2-2-2-2-2-2-2-2-2-2-2-2-2','中英'),
 (298,6,2,8,'2014-11-17 13:30:00',100,'2-2-2-2-2-2-2-2-2-2-2-2-2-2-2-2','2-2-2-2-2-2-2-2-2-2-2-2-2-2-2-2','2-2-2-2-2-2-2-2-2-2-2-2-2-2-2-2','2-2-2-2-2-2-2-2-2-2-2-2-2-2-2-2','2-2-2-2-2-2-2-2-2-2-2-2-2-2-2-2','2-2-2-2-2-2-2-2-2-2-2-2-2-2-2-2','2-2-2-2-2-2-2-2-2-2-2-2-2-2-2-2','2-2-2-2-2-2-2-2-2-2-2-2-2-2-2-2','2-2-2-2-2-2-2-2-2-2-2-2-2-2-2-2','中英'),
 (299,6,4,1,'2014-11-17 16:00:00',100,'2-2-2-2-2-2-2-2-2-2-2-2-2-2-2-2','2-2-2-2-2-2-2-2-2-2-2-2-2-2-2-2','2-2-2-2-2-2-2-2-2-2-2-2-2-2-2-2','2-2-2-2-2-2-2-2-2-2-2-2-2-2-2-2','2-2-2-2-2-2-2-2-2-2-2-2-2-2-2-2','2-2-2-2-2-2-2-2-2-2-2-2-2-2-2-2','2-2-2-2-2-2-2-2-2-2-2-2-2-2-2-2','2-2-2-2-2-2-2-2-2-2-2-2-2-2-2-2','2-2-2-2-2-2-2-2-2-2-2-2-2-2-2-2','中英'),
 (300,6,5,2,'2014-11-17 16:00:00',60,'2-2-2-2-2-2-2-2-2-2-2-2-2-2-2-2','2-2-2-2-2-2-2-2-2-2-2-2-2-2-2-2','2-2-2-2-2-2-2-2-2-2-2-2-2-2-2-2','2-2-2-2-2-2-2-2-2-2-2-2-2-2-2-2','2-2-2-2-2-2-2-2-2-2-2-2-2-2-2-2','2-2-2-2-2-2-2-2-2-2-2-2-2-2-2-2','2-2-2-2-2-2-2-2-2-2-2-2-2-2-2-2','2-2-2-2-2-2-2-2-2-2-2-2-2-2-2-2','2-2-2-2-2-2-2-2-2-2-2-2-2-2-2-2','国语'),
 (301,6,6,3,'2014-11-17 16:00:00',60,'2-2-2-2-2-2-2-2-2-2-2-2-2-2-2-2','2-2-2-2-2-2-2-2-2-2-2-2-2-2-2-2','2-2-2-2-2-2-2-2-2-2-2-2-2-2-2-2','2-2-2-2-2-2-2-2-2-2-2-2-2-2-2-2','2-2-2-2-2-2-2-2-2-2-2-2-2-2-2-2','2-2-2-2-2-2-2-2-2-2-2-2-2-2-2-2','2-2-2-2-2-2-2-2-2-2-2-2-2-2-2-2','2-2-2-2-2-2-2-2-2-2-2-2-2-2-2-2','2-2-2-2-2-2-2-2-2-2-2-2-2-2-2-2','国语'),
 (302,6,7,4,'2014-11-17 16:00:00',60,'2-2-2-2-2-2-2-2-2-2-2-2-2-2-2-2','2-2-2-2-2-2-2-2-2-2-2-2-2-2-2-2','2-2-2-2-2-2-2-2-2-2-2-2-2-2-2-2','2-2-2-2-2-2-2-2-2-2-2-2-2-2-2-2','2-2-2-2-2-2-2-2-2-2-2-2-2-2-2-2','2-2-2-2-2-2-2-2-2-2-2-2-2-2-2-2','2-2-2-2-2-2-2-2-2-2-2-2-2-2-2-2','2-2-2-2-2-2-2-2-2-2-2-2-2-2-2-2','2-2-2-2-2-2-2-2-2-2-2-2-2-2-2-2','国语'),
 (303,6,9,5,'2014-11-17 16:00:00',60,'2-2-2-2-2-2-2-2-2-2-2-2-2-2-2-2','2-2-2-2-2-2-2-2-2-2-2-2-2-2-2-2','2-2-2-2-2-2-2-2-2-2-2-2-2-2-2-2','2-2-2-2-2-2-2-2-2-2-2-2-2-2-2-2','2-2-2-2-2-2-2-2-2-2-2-2-2-2-2-2','2-2-2-2-2-2-2-2-2-2-2-2-2-2-2-2','2-2-2-2-2-2-2-2-2-2-2-2-2-2-2-2','2-2-2-2-2-2-2-2-2-2-2-2-2-2-2-2','2-2-2-2-2-2-2-2-2-2-2-2-2-2-2-2','国语'),
 (304,6,1,6,'2014-11-17 16:00:00',100,'2-2-2-2-2-2-2-2-2-2-2-2-2-2-2-2','2-2-2-2-2-2-2-2-2-2-2-2-2-2-2-2','2-2-2-2-2-2-2-2-2-2-2-2-2-2-2-2','2-2-2-2-2-2-2-2-2-2-2-2-2-2-2-2','2-2-2-2-2-2-2-2-2-2-2-2-2-2-2-2','2-2-2-2-2-2-2-2-2-2-2-2-2-2-2-2','2-2-2-2-2-2-2-2-2-2-2-2-2-2-2-2','2-2-2-2-2-2-2-2-2-2-2-2-2-2-2-2','2-2-2-2-2-2-2-2-2-2-2-2-2-2-2-2','中英'),
 (305,6,2,7,'2014-11-17 16:00:00',100,'2-2-2-2-2-2-2-2-2-2-2-2-2-2-2-2','2-2-2-2-2-2-2-2-2-2-2-2-2-2-2-2','2-2-2-2-2-2-2-2-2-2-2-2-2-2-2-2','2-2-2-2-2-2-2-2-2-2-2-2-2-2-2-2','2-2-2-2-2-2-2-2-2-2-2-2-2-2-2-2','2-2-2-2-2-2-2-2-2-2-2-2-2-2-2-2','2-2-2-2-2-2-2-2-2-2-2-2-2-2-2-2','2-2-2-2-2-2-2-2-2-2-2-2-2-2-2-2','2-2-2-2-2-2-2-2-2-2-2-2-2-2-2-2','中英'),
 (306,6,3,8,'2014-11-17 16:00:00',100,'2-2-2-2-2-2-2-2-2-2-2-2-2-2-2-2','2-2-2-2-2-2-2-2-2-2-2-2-2-2-2-2','2-2-2-2-2-2-2-2-2-2-2-2-2-2-2-2','2-2-2-2-2-2-2-2-2-2-2-2-2-2-2-2','2-2-2-2-2-2-2-2-2-2-2-2-2-2-2-2','2-2-2-2-2-2-2-2-2-2-2-2-2-2-2-2','2-2-2-2-2-2-2-2-2-2-2-2-2-2-2-2','2-2-2-2-2-2-2-2-2-2-2-2-2-2-2-2','2-2-2-2-2-2-2-2-2-2-2-2-2-2-2-2','中英'),
 (307,6,5,1,'2014-11-17 18:30:00',60,'2-2-2-2-2-2-2-2-2-2-2-2-2-2-2-2','2-2-2-2-2-2-2-2-2-2-2-2-2-2-2-2','2-2-2-2-2-2-2-2-2-2-2-2-2-2-2-2','2-2-2-2-2-2-2-2-2-2-2-2-2-2-2-2','2-2-2-2-2-2-2-2-2-2-2-2-2-2-2-2','2-2-2-2-2-2-2-2-2-2-2-2-2-2-2-2','2-2-2-2-2-2-2-2-2-2-2-2-2-2-2-2','2-2-2-2-2-2-2-2-2-2-2-2-2-2-2-2','2-2-2-2-2-2-2-2-2-2-2-2-2-2-2-2','国语'),
 (308,6,6,2,'2014-11-17 18:30:00',60,'2-2-2-2-2-2-2-2-2-2-2-2-2-2-2-2','2-2-2-2-2-2-2-2-2-2-2-2-2-2-2-2','2-2-2-2-2-2-2-2-2-2-2-2-2-2-2-2','2-2-2-2-2-2-2-2-2-2-2-2-2-2-2-2','2-2-2-2-2-2-2-2-2-2-2-2-2-2-2-2','2-2-2-2-2-2-2-2-2-2-2-2-2-2-2-2','2-2-2-2-2-2-2-2-2-2-2-2-2-2-2-2','2-2-2-2-2-2-2-2-2-2-2-2-2-2-2-2','2-2-2-2-2-2-2-2-2-2-2-2-2-2-2-2','国语'),
 (309,6,7,3,'2014-11-17 18:30:00',60,'2-2-2-2-2-2-2-2-2-2-2-2-2-2-2-2','2-2-2-2-2-2-2-2-2-2-2-2-2-2-2-2','2-2-2-2-2-2-2-2-2-2-2-2-2-2-2-2','2-2-2-2-2-2-2-2-2-2-2-2-2-2-2-2','2-2-2-2-2-2-2-2-2-2-2-2-2-2-2-2','2-2-2-2-2-2-2-2-2-2-2-2-2-2-2-2','2-2-2-2-2-2-2-2-2-2-2-2-2-2-2-2','2-2-2-2-2-2-2-2-2-2-2-2-2-2-2-2','2-2-2-2-2-2-2-2-2-2-2-2-2-2-2-2','国语'),
 (310,6,9,4,'2014-11-17 18:30:00',60,'2-2-2-2-2-2-2-2-2-2-2-2-2-2-2-2','2-2-2-2-2-2-2-2-2-2-2-2-2-2-2-2','2-2-2-2-2-2-2-2-2-2-2-2-2-2-2-2','2-2-2-2-2-2-2-2-2-2-2-2-2-2-2-2','2-2-2-2-2-2-2-2-2-2-2-2-2-2-2-2','2-2-2-2-2-2-2-2-2-2-2-2-2-2-2-2','2-2-2-2-2-2-2-2-2-2-2-2-2-2-2-2','2-2-2-2-2-2-2-2-2-2-2-2-2-2-2-2','2-2-2-2-2-2-2-2-2-2-2-2-2-2-2-2','国语'),
 (311,6,1,5,'2014-11-17 18:30:00',100,'2-2-2-2-2-2-2-2-2-2-2-2-2-2-2-2','2-2-2-2-2-2-2-2-2-2-2-2-2-2-2-2','2-2-2-2-2-2-2-2-2-2-2-2-2-2-2-2','2-2-2-2-2-2-2-2-2-2-2-2-2-2-2-2','2-2-2-2-2-2-2-2-2-2-2-2-2-2-2-2','2-2-2-2-2-2-2-2-2-2-2-2-2-2-2-2','2-2-2-2-2-2-2-2-2-2-2-2-2-2-2-2','2-2-2-2-2-2-2-2-2-2-2-2-2-2-2-2','2-2-2-2-2-2-2-2-2-2-2-2-2-2-2-2','中英'),
 (312,6,2,6,'2014-11-17 18:30:00',100,'2-2-2-2-2-2-2-2-2-2-2-2-2-2-2-2','2-2-2-2-2-2-2-2-2-2-2-2-2-2-2-2','2-2-2-2-2-2-2-2-2-2-2-2-2-2-2-2','2-2-2-2-2-2-2-2-2-2-2-2-2-2-2-2','2-2-2-2-2-2-2-2-2-2-2-2-2-2-2-2','2-2-2-2-2-2-2-2-2-2-2-2-2-2-2-2','2-2-2-2-2-2-2-2-2-2-2-2-2-2-2-2','2-2-2-2-2-2-2-2-2-2-2-2-2-2-2-2','2-2-2-2-2-2-2-2-2-2-2-2-2-2-2-2','中英'),
 (313,6,3,7,'2014-11-17 18:30:00',100,'2-2-2-2-2-2-2-2-2-2-2-2-2-2-2-2','2-2-2-2-2-2-2-2-2-2-2-2-2-2-2-2','2-2-2-2-2-2-2-2-2-2-2-2-2-2-2-2','2-2-2-2-2-2-2-2-2-2-2-2-2-2-2-2','2-2-2-2-2-2-2-2-2-2-2-2-2-2-2-2','2-2-2-2-2-2-2-2-2-2-2-2-2-2-2-2','2-2-2-2-2-2-2-2-2-2-2-2-2-2-2-2','2-2-2-2-2-2-2-2-2-2-2-2-2-2-2-2','2-2-2-2-2-2-2-2-2-2-2-2-2-2-2-2','中英'),
 (314,6,4,8,'2014-11-17 18:30:00',100,'2-2-2-2-2-2-2-2-2-2-2-2-2-2-2-2','2-2-2-2-2-2-2-2-2-2-2-2-2-2-2-2','2-2-2-2-2-2-2-2-2-2-2-2-2-2-2-2','2-2-2-2-2-2-2-2-2-2-2-2-2-2-2-2','2-2-2-2-2-2-2-2-2-2-2-2-2-2-2-2','2-2-2-2-2-2-2-2-2-2-2-2-2-2-2-2','2-2-2-2-2-2-2-2-2-2-2-2-2-2-2-2','2-2-2-2-2-2-2-2-2-2-2-2-2-2-2-2','2-2-2-2-2-2-2-2-2-2-2-2-2-2-2-2','中英'),
 (315,6,6,1,'2014-11-17 21:00:00',60,'2-2-2-2-2-2-2-2-2-2-2-2-2-2-2-2','2-2-2-2-2-2-2-2-2-2-2-2-2-2-2-2','2-2-2-2-2-2-2-2-2-2-2-2-2-2-2-2','2-2-2-2-2-2-2-2-2-2-2-2-2-2-2-2','2-2-2-2-2-2-2-2-2-2-2-2-2-2-2-2','2-2-2-2-2-2-2-2-2-2-2-2-2-2-2-2','2-2-2-2-2-2-2-2-2-2-2-2-2-2-2-2','2-2-2-2-2-2-2-2-2-2-2-2-2-2-2-2','2-2-2-2-2-2-2-2-2-2-2-2-2-2-2-2','国语'),
 (316,6,7,2,'2014-11-17 21:00:00',60,'2-2-2-2-2-2-2-2-2-2-2-2-2-2-2-2','2-2-2-2-2-2-2-2-2-2-2-2-2-2-2-2','2-2-2-2-2-2-2-2-2-2-2-2-2-2-2-2','2-2-2-2-2-2-2-2-2-2-2-2-2-2-2-2','2-2-2-2-2-2-2-2-2-2-2-2-2-2-2-2','2-2-2-2-2-2-2-2-2-2-2-2-2-2-2-2','2-2-2-2-2-2-2-2-2-2-2-2-2-2-2-2','2-2-2-2-2-2-2-2-2-2-2-2-2-2-2-2','2-2-2-2-2-2-2-2-2-2-2-2-2-2-2-2','国语'),
 (317,6,9,3,'2014-11-17 21:00:00',60,'2-2-2-2-2-2-2-2-2-2-2-2-2-2-2-2','2-2-2-2-2-2-2-2-2-2-2-2-2-2-2-2','2-2-2-2-2-2-2-2-2-2-2-2-2-2-2-2','2-2-2-2-2-2-2-2-2-2-2-2-2-2-2-2','2-2-2-2-2-2-2-2-2-2-2-2-2-2-2-2','2-2-2-2-2-2-2-2-2-2-2-2-2-2-2-2','2-2-2-2-2-2-2-2-2-2-2-2-2-2-2-2','2-2-2-2-2-2-2-2-2-2-2-2-2-2-2-2','2-2-2-2-2-2-2-2-2-2-2-2-2-2-2-2','国语'),
 (318,6,1,4,'2014-11-17 21:00:00',120,'2-2-2-2-2-2-2-2-2-2-2-2-2-2-2-2','2-2-2-2-2-2-2-2-2-2-2-2-2-2-2-2','2-2-2-2-2-2-2-2-2-2-2-2-2-2-2-2','2-2-2-2-2-2-2-2-2-2-2-2-2-2-2-2','2-2-2-2-2-2-2-2-2-2-2-2-2-2-2-2','2-2-2-2-2-2-2-2-2-2-2-2-2-2-2-2','2-2-2-2-2-2-2-2-2-2-2-2-2-2-2-2','2-2-2-2-2-2-2-2-2-2-2-2-2-2-2-2','2-2-2-2-2-2-2-2-2-2-2-2-2-2-2-2','中英'),
 (319,6,2,5,'2014-11-17 21:00:00',120,'2-2-2-2-2-2-2-2-2-2-2-2-2-2-2-2','2-2-2-2-2-2-2-2-2-2-2-2-2-2-2-2','2-2-2-2-2-2-2-2-2-2-2-2-2-2-2-2','2-2-2-2-2-2-2-2-2-2-2-2-2-2-2-2','2-2-2-2-2-2-2-2-2-2-2-2-2-2-2-2','2-2-2-2-2-2-2-2-2-2-2-2-2-2-2-2','2-2-2-2-2-2-2-2-2-2-2-2-2-2-2-2','2-2-2-2-2-2-2-2-2-2-2-2-2-2-2-2','2-2-2-2-2-2-2-2-2-2-2-2-2-2-2-2','中英'),
 (320,6,3,6,'2014-11-17 21:00:00',120,'2-2-2-2-2-2-2-2-2-2-2-2-2-2-2-2','2-2-2-2-2-2-2-2-2-2-2-2-2-2-2-2','2-2-2-2-2-2-2-2-2-2-2-2-2-2-2-2','2-2-2-2-2-2-2-2-2-2-2-2-2-2-2-2','2-2-2-2-2-2-2-2-2-2-2-2-2-2-2-2','2-2-2-2-2-2-2-2-2-2-2-2-2-2-2-2','2-2-2-2-2-2-2-2-2-2-2-2-2-2-2-2','2-2-2-2-2-2-2-2-2-2-2-2-2-2-2-2','2-2-2-2-2-2-2-2-2-2-2-2-2-2-2-2','中英'),
 (321,6,4,7,'2014-11-17 21:00:00',120,'2-2-2-2-2-2-2-2-2-2-2-2-2-2-2-2','2-2-2-2-2-2-2-2-2-2-2-2-2-2-2-2','2-2-2-2-2-2-2-2-2-2-2-2-2-2-2-2','2-2-2-2-2-2-2-2-2-2-2-2-2-2-2-2','2-2-2-2-2-2-2-2-2-2-2-2-2-2-2-2','2-2-2-2-2-2-2-2-2-2-2-2-2-2-2-2','2-2-2-2-2-2-2-2-2-2-2-2-2-2-2-2','2-2-2-2-2-2-2-2-2-2-2-2-2-2-2-2','2-2-2-2-2-2-2-2-2-2-2-2-2-2-2-2','中英'),
 (322,6,5,8,'2014-11-17 21:00:00',60,'2-2-2-2-2-2-2-2-2-2-2-2-2-2-2-2','2-2-2-2-2-2-2-2-2-2-2-2-2-2-2-2','2-2-2-2-2-2-2-2-2-2-2-2-2-2-2-2','2-2-2-2-2-2-2-2-2-2-2-2-2-2-2-2','2-2-2-2-2-2-2-2-2-2-2-2-2-2-2-2','2-2-2-2-2-2-2-2-2-2-2-2-2-2-2-2','2-2-2-2-2-2-2-2-2-2-2-2-2-2-2-2','2-2-2-2-2-2-2-2-2-2-2-2-2-2-2-2','2-2-2-2-2-2-2-2-2-2-2-2-2-2-2-2','国语'),
 (323,7,9,1,'2014-11-17 08:30:00',60,'2-2-2-2-2-2-2-2-2-2-2-2-2-2-2-2','2-2-2-2-2-2-2-2-2-2-2-2-2-2-2-2','2-2-2-2-2-2-2-2-2-2-2-2-2-2-2-2','2-2-2-2-2-2-2-2-2-2-2-2-2-2-2-2','2-2-2-2-2-2-2-2-2-2-2-2-2-2-2-2','2-2-2-2-2-2-2-2-2-2-2-2-2-2-2-2','2-2-2-2-2-2-2-2-2-2-2-2-2-2-2-2','2-2-2-2-2-2-2-2-2-2-2-2-2-2-2-2','2-2-2-2-2-2-2-2-2-2-2-2-2-2-2-2','国语'),
 (324,7,7,2,'2014-11-17 08:30:00',60,'2-2-2-2-2-2-2-2-2-2-2-2-2-2-2-2','2-2-2-2-2-2-2-2-2-2-2-2-2-2-2-2','2-2-2-2-2-2-2-2-2-2-2-2-2-2-2-2','2-2-2-2-2-2-2-2-2-2-2-2-2-2-2-2','2-2-2-2-2-2-2-2-2-2-2-2-2-2-2-2','2-2-2-2-2-2-2-2-2-2-2-2-2-2-2-2','2-2-2-2-2-2-2-2-2-2-2-2-2-2-2-2','2-2-2-2-2-2-2-2-2-2-2-2-2-2-2-2','2-2-2-2-2-2-2-2-2-2-2-2-2-2-2-2','国语'),
 (325,7,6,3,'2014-11-17 08:30:00',60,'2-2-2-2-2-2-2-2-2-2-2-2-2-2-2-2','2-2-2-2-2-2-2-2-2-2-2-2-2-2-2-2','2-2-2-2-2-2-2-2-2-2-2-2-2-2-2-2','2-2-2-2-2-2-2-2-2-2-2-2-2-2-2-2','2-2-2-2-2-2-2-2-2-2-2-2-2-2-2-2','2-2-2-2-2-2-2-2-2-2-2-2-2-2-2-2','2-2-2-2-2-2-2-2-2-2-2-2-2-2-2-2','2-2-2-2-2-2-2-2-2-2-2-2-2-2-2-2','2-2-2-2-2-2-2-2-2-2-2-2-2-2-2-2','国语'),
 (326,7,5,4,'2014-11-17 08:30:00',60,'2-2-2-2-2-2-2-2-2-2-2-2-2-2-2-2','2-2-2-2-2-2-2-2-2-2-2-2-2-2-2-2','2-2-2-2-2-2-2-2-2-2-2-2-2-2-2-2','2-2-2-2-2-2-2-2-2-2-2-2-2-2-2-2','2-2-2-2-2-2-2-2-2-2-2-2-2-2-2-2','2-2-2-2-2-2-2-2-2-2-2-2-2-2-2-2','2-2-2-2-2-2-2-2-2-2-2-2-2-2-2-2','2-2-2-2-2-2-2-2-2-2-2-2-2-2-2-2','2-2-2-2-2-2-2-2-2-2-2-2-2-2-2-2','国语'),
 (327,7,4,5,'2014-11-17 08:30:00',100,'2-2-2-2-2-2-2-2-2-2-2-2-2-2-2-2','2-2-2-2-2-2-2-2-2-2-2-2-2-2-2-2','2-2-2-2-2-2-2-2-2-2-2-2-2-2-2-2','2-2-2-2-2-2-2-2-2-2-2-2-2-2-2-2','2-2-2-2-2-2-2-2-2-2-2-2-2-2-2-2','2-2-2-2-2-2-2-2-2-2-2-2-2-2-2-2','2-2-2-2-2-2-2-2-2-2-2-2-2-2-2-2','2-2-2-2-2-2-2-2-2-2-2-2-2-2-2-2','2-2-2-2-2-2-2-2-2-2-2-2-2-2-2-2','中英'),
 (328,7,3,6,'2014-11-17 08:30:00',100,'2-2-2-2-2-2-2-2-2-2-2-2-2-2-2-2','2-2-2-2-2-2-2-2-2-2-2-2-2-2-2-2','2-2-2-2-2-2-2-2-2-2-2-2-2-2-2-2','2-2-2-2-2-2-2-2-2-2-2-2-2-2-2-2','2-2-2-2-2-2-2-2-2-2-2-2-2-2-2-2','2-2-2-2-2-2-2-2-2-2-2-2-2-2-2-2','2-2-2-2-2-2-2-2-2-2-2-2-2-2-2-2','2-2-2-2-2-2-2-2-2-2-2-2-2-2-2-2','2-2-2-2-2-2-2-2-2-2-2-2-2-2-2-2','中英'),
 (329,7,2,7,'2014-11-17 08:30:00',100,'2-2-2-2-2-2-2-2-2-2-2-2-2-2-2-2','2-2-2-2-2-2-2-2-2-2-2-2-2-2-2-2','2-2-2-2-2-2-2-2-2-2-2-2-2-2-2-2','2-2-2-2-2-2-2-2-2-2-2-2-2-2-2-2','2-2-2-2-2-2-2-2-2-2-2-2-2-2-2-2','2-2-2-2-2-2-2-2-2-2-2-2-2-2-2-2','2-2-2-2-2-2-2-2-2-2-2-2-2-2-2-2','2-2-2-2-2-2-2-2-2-2-2-2-2-2-2-2','2-2-2-2-2-2-2-2-2-2-2-2-2-2-2-2','中英'),
 (330,7,1,8,'2014-11-17 08:30:00',100,'2-2-2-2-2-2-2-2-2-2-2-2-2-2-2-2','2-2-2-2-2-2-2-2-2-2-2-2-2-2-2-2','2-2-2-2-2-2-2-2-2-2-2-2-2-2-2-2','2-2-2-2-2-2-2-2-2-2-2-2-2-2-2-2','2-2-2-2-2-2-2-2-2-2-2-2-2-2-2-2','2-2-2-2-2-2-2-2-2-2-2-2-2-2-2-2','2-2-2-2-2-2-2-2-2-2-2-2-2-2-2-2','2-2-2-2-2-2-2-2-2-2-2-2-2-2-2-2','2-2-2-2-2-2-2-2-2-2-2-2-2-2-2-2','中英'),
 (331,7,7,1,'2014-11-17 11:00:00',60,'2-2-2-2-2-2-2-2-2-2-2-2-2-2-2-2','2-2-2-2-2-2-2-2-2-2-2-2-2-2-2-2','2-2-2-2-2-2-2-2-2-2-2-2-2-2-2-2','2-2-2-2-2-2-2-2-2-2-2-2-2-2-2-2','2-2-2-2-2-2-2-2-2-2-2-2-2-2-2-2','2-2-2-2-2-2-2-2-2-2-2-2-2-2-2-2','2-2-2-2-2-2-2-2-2-2-2-2-2-2-2-2','2-2-2-2-2-2-2-2-2-2-2-2-2-2-2-2','2-2-2-2-2-2-2-2-2-2-2-2-2-2-2-2','国语'),
 (332,7,6,2,'2014-11-17 11:00:00',60,'2-2-2-2-2-2-2-2-2-2-2-2-2-2-2-2','2-2-2-2-2-2-2-2-2-2-2-2-2-2-2-2','2-2-2-2-2-2-2-2-2-2-2-2-2-2-2-2','2-2-2-2-2-2-2-2-2-2-2-2-2-2-2-2','2-2-2-2-2-2-2-2-2-2-2-2-2-2-2-2','2-2-2-2-2-2-2-2-2-2-2-2-2-2-2-2','2-2-2-2-2-2-2-2-2-2-2-2-2-2-2-2','2-2-2-2-2-2-2-2-2-2-2-2-2-2-2-2','2-2-2-2-2-2-2-2-2-2-2-2-2-2-2-2','国语'),
 (333,7,5,3,'2014-11-17 11:00:00',60,'2-2-2-2-2-2-2-2-2-2-2-2-2-2-2-2','2-2-2-2-2-2-2-2-2-2-2-2-2-2-2-2','2-2-2-2-2-2-2-2-2-2-2-2-2-2-2-2','2-2-2-2-2-2-2-2-2-2-2-2-2-2-2-2','2-2-2-2-2-2-2-2-2-2-2-2-2-2-2-2','2-2-2-2-2-2-2-2-2-2-2-2-2-2-2-2','2-2-2-2-2-2-2-2-2-2-2-2-2-2-2-2','2-2-2-2-2-2-2-2-2-2-2-2-2-2-2-2','2-2-2-2-2-2-2-2-2-2-2-2-2-2-2-2','国语'),
 (334,7,4,4,'2014-11-17 11:00:00',100,'2-2-2-2-2-2-2-2-2-2-2-2-2-2-2-2','2-2-2-2-2-2-2-2-2-2-2-2-2-2-2-2','2-2-2-2-2-2-2-2-2-2-2-2-2-2-2-2','2-2-2-2-2-2-2-2-2-2-2-2-2-2-2-2','2-2-2-2-2-2-2-2-2-2-2-2-2-2-2-2','2-2-2-2-2-2-2-2-2-2-2-2-2-2-2-2','2-2-2-2-2-2-2-2-2-2-2-2-2-2-2-2','2-2-2-2-2-2-2-2-2-2-2-2-2-2-2-2','2-2-2-2-2-2-2-2-2-2-2-2-2-2-2-2','中英'),
 (335,7,3,5,'2014-11-17 11:00:00',100,'2-2-2-2-2-2-2-2-2-2-2-2-2-2-2-2','2-2-2-2-2-2-2-2-2-2-2-2-2-2-2-2','2-2-2-2-2-2-2-2-2-2-2-2-2-2-2-2','2-2-2-2-2-2-2-2-2-2-2-2-2-2-2-2','2-2-2-2-2-2-2-2-2-2-2-2-2-2-2-2','2-2-2-2-2-2-2-2-2-2-2-2-2-2-2-2','2-2-2-2-2-2-2-2-2-2-2-2-2-2-2-2','2-2-2-2-2-2-2-2-2-2-2-2-2-2-2-2','2-2-2-2-2-2-2-2-2-2-2-2-2-2-2-2','中英'),
 (336,7,2,6,'2014-11-17 11:00:00',100,'2-2-2-2-2-2-2-2-2-2-2-2-2-2-2-2','2-2-2-2-2-2-2-2-2-2-2-2-2-2-2-2','2-2-2-2-2-2-2-2-2-2-2-2-2-2-2-2','2-2-2-2-2-2-2-2-2-2-2-2-2-2-2-2','2-2-2-2-2-2-2-2-2-2-2-2-2-2-2-2','2-2-2-2-2-2-2-2-2-2-2-2-2-2-2-2','2-2-2-2-2-2-2-2-2-2-2-2-2-2-2-2','2-2-2-2-2-2-2-2-2-2-2-2-2-2-2-2','2-2-2-2-2-2-2-2-2-2-2-2-2-2-2-2','中英'),
 (337,7,1,7,'2014-11-17 11:00:00',100,'2-2-2-2-2-2-2-2-2-2-2-2-2-2-2-2','2-2-2-2-2-2-2-2-2-2-2-2-2-2-2-2','2-2-2-2-2-2-2-2-2-2-2-2-2-2-2-2','2-2-2-2-2-2-2-2-2-2-2-2-2-2-2-2','2-2-2-2-2-2-2-2-2-2-2-2-2-2-2-2','2-2-2-2-2-2-2-2-2-2-2-2-2-2-2-2','2-2-2-2-2-2-2-2-2-2-2-2-2-2-2-2','2-2-2-2-2-2-2-2-2-2-2-2-2-2-2-2','2-2-2-2-2-2-2-2-2-2-2-2-2-2-2-2','中英'),
 (338,7,9,8,'2014-11-17 11:00:00',60,'2-2-2-2-2-2-2-2-2-2-2-2-2-2-2-2','2-2-2-2-2-2-2-2-2-2-2-2-2-2-2-2','2-2-2-2-2-2-2-2-2-2-2-2-2-2-2-2','2-2-2-2-2-2-2-2-2-2-2-2-2-2-2-2','2-2-2-2-2-2-2-2-2-2-2-2-2-2-2-2','2-2-2-2-2-2-2-2-2-2-2-2-2-2-2-2','2-2-2-2-2-2-2-2-2-2-2-2-2-2-2-2','2-2-2-2-2-2-2-2-2-2-2-2-2-2-2-2','2-2-2-2-2-2-2-2-2-2-2-2-2-2-2-2','国语'),
 (339,7,6,1,'2014-11-17 13:30:00',60,'2-2-2-2-2-2-2-2-2-2-2-2-2-2-2-2','2-2-2-2-2-2-2-2-2-2-2-2-2-2-2-2','2-2-2-2-2-2-2-2-2-2-2-2-2-2-2-2','2-2-2-2-2-2-2-2-2-2-2-2-2-2-2-2','2-2-2-2-2-2-2-2-2-2-2-2-2-2-2-2','2-2-2-2-2-2-2-2-2-2-2-2-2-2-2-2','2-2-2-2-2-2-2-2-2-2-2-2-2-2-2-2','2-2-2-2-2-2-2-2-2-2-2-2-2-2-2-2','2-2-2-2-2-2-2-2-2-2-2-2-2-2-2-2','国语'),
 (340,7,5,2,'2014-11-17 13:30:00',60,'2-2-2-2-2-2-2-2-2-2-2-2-2-2-2-2','2-2-2-2-2-2-2-2-2-2-2-2-2-2-2-2','2-2-2-2-2-2-2-2-2-2-2-2-2-2-2-2','2-2-2-2-2-2-2-2-2-2-2-2-2-2-2-2','2-2-2-2-2-2-2-2-2-2-2-2-2-2-2-2','2-2-2-2-2-2-2-2-2-2-2-2-2-2-2-2','2-2-2-2-2-0-2-2-2-2-2-2-2-2-2-2','2-2-2-2-2-2-2-2-2-2-2-2-2-2-2-2','2-2-2-2-2-2-2-2-2-2-2-2-2-2-2-2','国语'),
 (341,7,4,3,'2014-11-17 13:30:00',100,'2-2-2-2-2-2-2-2-2-2-2-2-2-2-2-2','2-2-2-2-2-2-2-2-2-2-2-2-2-2-2-2','2-2-2-2-2-2-2-2-2-2-2-2-2-2-2-2','2-2-2-2-2-2-2-2-2-2-2-2-2-2-2-2','2-2-2-2-2-2-2-2-2-2-2-2-2-2-2-2','2-2-2-2-2-2-2-2-2-2-2-2-2-2-2-2','2-2-2-2-2-0-2-2-2-2-2-2-2-2-2-2','2-2-2-2-2-2-2-2-2-2-2-2-2-2-2-2','2-2-2-2-2-2-2-2-2-2-2-2-2-2-2-2','中英'),
 (342,7,3,4,'2014-11-17 13:30:00',100,'2-2-2-2-2-2-2-2-2-2-2-2-2-2-2-2','2-2-2-2-2-2-2-2-2-2-2-2-2-2-2-2','2-2-2-2-2-2-2-2-2-2-2-2-2-2-2-2','2-2-2-2-2-2-2-2-2-2-2-2-2-2-2-2','2-2-2-2-2-2-2-2-2-2-2-2-2-2-2-2','2-2-2-2-2-2-2-2-2-2-2-2-2-2-2-2','2-2-2-2-2-0-2-2-2-2-2-2-2-2-2-2','2-2-2-2-2-2-2-2-2-2-2-2-2-2-2-2','2-2-2-2-2-2-2-2-2-2-2-2-2-2-2-2','中英'),
 (343,7,2,5,'2014-11-17 13:30:00',100,'2-2-2-2-2-2-2-2-2-2-2-2-2-2-2-2','2-2-2-2-2-2-2-2-2-2-2-2-2-2-2-2','2-2-2-2-2-2-2-2-2-2-2-2-2-2-2-2','2-2-2-2-2-2-2-2-2-2-2-2-2-2-2-2','2-2-2-2-2-2-2-2-2-2-2-2-2-2-2-2','2-2-2-2-2-2-2-2-2-2-2-2-2-2-2-2','2-2-2-2-2-0-2-2-2-2-2-2-2-2-2-2','2-2-2-2-2-2-2-2-2-2-2-2-2-2-2-2','2-2-2-2-2-2-2-2-2-2-2-2-2-2-2-2','中英'),
 (344,7,1,6,'2014-11-17 13:30:00',100,'2-2-2-2-2-2-2-2-2-2-2-2-2-2-2-2','2-2-2-2-2-2-2-2-2-2-2-2-2-2-2-2','2-2-2-2-2-2-2-2-2-2-2-2-2-2-2-2','2-2-2-2-2-2-2-2-2-2-2-2-2-2-2-2','2-2-2-2-2-2-2-2-2-2-2-2-2-2-2-2','2-2-2-2-2-2-2-2-2-2-2-2-2-2-2-2','2-2-2-2-2-0-2-2-2-2-2-2-2-2-2-2','2-2-2-2-2-2-2-2-2-2-2-2-2-2-2-2','2-2-2-2-2-2-2-2-2-2-2-2-2-2-2-2','中英'),
 (345,7,9,7,'2014-11-17 13:30:00',60,'2-2-2-2-2-2-2-2-2-2-2-2-2-2-2-2','2-2-2-2-2-2-2-2-2-2-2-2-2-2-2-2','2-2-2-2-2-2-2-2-2-2-2-2-2-2-2-2','2-2-2-2-2-2-2-2-2-2-2-2-2-2-2-2','2-2-2-2-2-2-2-2-2-2-2-2-2-2-2-2','2-2-2-2-2-2-2-2-2-2-2-2-2-2-2-2','2-2-2-2-2-0-2-2-2-2-2-2-2-2-2-2','2-2-2-2-2-2-2-2-2-2-2-2-2-2-2-2','2-2-2-2-2-2-2-2-2-2-2-2-2-2-2-2','国语'),
 (346,7,7,8,'2014-11-17 13:30:00',60,'2-2-2-2-2-2-2-2-2-2-2-2-2-2-2-2','2-2-2-2-2-2-2-2-2-2-2-2-2-2-2-2','2-2-2-2-2-2-2-2-2-2-2-2-2-2-2-2','2-2-2-2-2-2-2-2-2-2-2-2-2-2-2-2','2-2-2-2-2-2-2-2-2-2-2-2-2-2-2-2','2-2-2-2-2-2-2-2-2-2-2-2-2-2-2-2','2-2-2-2-2-0-2-2-2-2-2-2-2-2-2-2','2-2-2-2-2-2-2-2-2-2-2-2-2-2-2-2','2-2-2-2-2-2-2-2-2-2-2-2-2-2-2-2','国语'),
 (347,7,5,1,'2014-11-17 16:00:00',60,'2-2-2-2-2-2-2-2-2-2-2-2-2-2-2-2','2-2-2-2-2-2-2-2-2-2-2-2-2-2-2-2','2-2-2-2-2-2-2-2-2-2-2-2-2-2-2-2','2-2-2-2-2-2-2-2-2-2-2-2-2-2-2-2','2-2-2-2-2-2-2-2-2-2-2-2-2-2-2-2','2-2-2-2-2-2-2-2-2-2-2-2-2-2-2-2','2-2-2-2-2-0-2-2-2-2-2-2-2-2-2-2','2-2-2-2-2-2-2-2-2-2-2-2-2-2-2-2','2-2-2-2-2-2-2-2-2-2-2-2-2-2-2-2','国语'),
 (348,7,4,2,'2014-11-17 16:00:00',100,'2-2-2-2-2-2-2-2-2-2-2-2-2-2-2-2','2-2-2-2-2-2-2-2-2-2-2-2-2-2-2-2','2-2-2-2-2-2-2-2-2-2-2-2-2-2-2-2','2-2-2-2-2-2-2-2-2-2-2-2-2-2-2-2','2-2-2-2-2-2-2-2-2-2-2-2-2-2-2-2','2-2-2-2-2-2-2-2-2-2-2-2-2-2-2-2','2-2-2-2-2-0-2-2-2-2-2-2-2-2-2-2','2-2-2-2-2-2-2-2-2-2-2-2-2-2-2-2','2-2-2-2-2-2-2-2-2-2-2-2-2-2-2-2','中英'),
 (349,7,3,3,'2014-11-17 16:00:00',100,'2-2-2-2-2-2-2-2-2-2-2-2-2-2-2-2','2-2-2-2-2-2-2-2-2-2-2-2-2-2-2-2','2-2-2-2-2-2-2-2-2-2-2-2-2-2-2-2','2-2-2-2-2-2-2-2-2-2-2-2-2-2-2-2','2-2-2-2-2-2-2-2-2-2-2-2-2-2-2-2','2-2-2-2-2-2-2-2-2-2-2-2-2-2-2-2','2-2-2-2-2-0-2-2-2-2-2-2-2-2-2-2','2-2-2-2-2-2-2-2-2-2-2-2-2-2-2-2','2-2-2-2-2-2-2-2-2-2-2-2-2-2-2-2','中英'),
 (350,7,2,4,'2014-11-17 16:00:00',100,'2-2-2-2-2-2-2-2-2-2-2-2-2-2-2-2','2-2-2-2-2-2-2-2-2-2-2-2-2-2-2-2','2-2-2-2-2-2-2-2-2-2-2-2-2-2-2-2','2-2-2-2-2-2-2-2-2-2-2-2-2-2-2-2','2-2-2-2-2-2-2-2-2-2-2-2-2-2-2-2','2-2-2-2-2-2-2-2-2-2-2-2-2-2-2-2','2-2-2-2-2-0-2-2-2-2-2-2-2-2-2-2','2-2-2-2-2-2-2-2-2-2-2-2-2-2-2-2','2-2-2-2-2-2-2-2-2-2-2-2-2-2-2-2','中英'),
 (351,7,1,5,'2014-11-17 16:00:00',100,'2-2-2-2-2-2-2-2-2-2-2-2-2-2-2-2','2-2-2-2-2-2-2-2-2-2-2-2-2-2-2-2','2-2-2-2-2-2-2-2-2-2-2-2-2-2-2-2','2-2-2-2-2-2-2-2-2-2-2-2-2-2-2-2','2-2-2-2-2-2-2-2-2-2-2-2-2-2-2-2','2-2-2-2-2-2-2-2-2-2-2-2-2-2-2-2','2-2-2-2-2-0-2-2-2-2-2-2-2-2-2-2','2-2-2-2-2-2-2-2-2-2-2-2-2-2-2-2','2-2-2-2-2-2-2-2-2-2-2-2-2-2-2-2','中英'),
 (352,7,9,6,'2014-11-17 16:00:00',60,'2-2-2-2-2-2-2-2-2-2-2-2-2-2-2-2','2-2-2-2-2-2-2-2-2-2-2-2-2-2-2-2','2-2-2-2-2-2-2-2-2-2-2-2-2-2-2-2','2-2-2-2-2-2-2-2-2-2-2-2-2-2-2-2','2-2-2-2-2-2-2-2-2-2-2-2-2-2-2-2','2-2-2-2-2-2-2-2-2-2-2-2-2-2-2-2','2-2-2-2-2-0-2-2-2-2-2-2-2-2-2-2','2-2-2-2-2-2-2-2-2-2-2-2-2-2-2-2','2-2-2-2-2-2-2-2-2-2-2-2-2-2-2-2','国语'),
 (353,7,7,7,'2014-11-17 16:00:00',60,'2-2-2-2-2-2-2-2-2-2-2-2-2-2-2-2','2-2-2-2-2-2-2-2-2-2-2-2-2-2-2-2','2-2-2-2-2-2-2-2-2-2-2-2-2-2-2-2','2-2-2-2-2-2-2-2-2-2-2-2-2-2-2-2','2-2-2-2-2-2-2-2-2-2-2-2-2-2-2-2','2-2-2-2-2-2-2-2-2-2-2-2-2-2-2-2','2-2-2-2-2-0-2-2-2-2-2-2-2-2-2-2','2-2-2-2-2-2-2-2-2-2-2-2-2-2-2-2','2-2-2-2-2-2-2-2-2-2-2-2-2-2-2-2','国语'),
 (354,7,6,8,'2014-11-17 16:00:00',60,'2-2-2-2-2-2-2-2-2-2-2-2-2-2-2-2','2-2-2-2-2-2-2-2-2-2-2-2-2-2-2-2','2-2-2-2-2-2-2-2-2-2-2-2-2-2-2-2','2-2-2-2-2-2-2-2-2-2-2-2-2-2-2-2','2-2-2-2-2-2-2-2-2-2-2-2-2-2-2-2','2-2-2-2-2-2-2-2-2-2-2-2-2-2-2-2','2-2-2-2-2-0-2-2-2-2-2-2-2-2-2-2','2-2-2-2-2-2-2-2-2-2-2-2-2-2-2-2','2-2-2-2-2-2-2-2-2-2-2-2-2-2-2-2','国语'),
 (355,7,4,1,'2014-11-17 18:30:00',100,'2-2-2-2-2-2-2-2-2-2-2-2-2-2-2-2','2-2-2-2-2-2-2-2-2-2-2-2-2-2-2-2','2-2-2-2-2-2-2-2-2-2-2-2-2-2-2-2','2-2-2-2-2-2-2-2-2-2-2-2-2-2-2-2','2-2-2-2-2-2-2-2-2-2-2-2-2-2-2-2','2-2-2-2-2-2-2-2-2-2-2-2-2-2-2-2','2-2-2-2-2-0-2-2-2-2-2-2-2-2-2-2','2-2-2-2-2-2-2-2-2-2-2-2-2-2-2-2','2-2-2-2-2-2-2-2-2-2-2-2-2-2-2-2','中英'),
 (356,7,3,2,'2014-11-17 18:30:00',100,'2-2-2-2-2-2-2-2-2-2-2-2-2-2-2-2','2-2-2-2-2-2-2-2-2-2-2-2-2-2-2-2','2-2-2-2-2-2-2-2-2-2-2-2-2-2-2-2','2-2-2-2-2-2-2-2-2-2-2-2-2-2-2-2','2-2-2-2-2-2-2-2-2-2-2-2-2-2-2-2','2-2-2-2-2-2-2-2-2-2-2-2-2-2-2-2','2-2-2-2-2-0-2-2-2-2-2-2-2-2-2-2','2-2-2-2-2-2-2-2-2-2-2-2-2-2-2-2','2-2-2-2-2-2-2-2-2-2-2-2-2-2-2-2','中英'),
 (357,7,2,3,'2014-11-17 18:30:00',100,'2-2-2-2-2-2-2-2-2-2-2-2-2-2-2-2','2-2-2-2-2-2-2-2-2-2-2-2-2-2-2-2','2-2-2-2-2-2-2-2-2-2-2-2-2-2-2-2','2-2-2-2-2-2-2-2-2-2-2-2-2-2-2-2','2-2-2-2-2-2-2-2-2-2-2-2-2-2-2-2','2-2-2-2-2-2-2-2-2-2-2-2-2-2-2-2','2-2-2-2-2-0-2-2-2-2-2-2-2-2-2-2','2-2-2-2-2-2-2-2-2-2-2-2-2-2-2-2','2-2-2-2-2-2-2-2-2-2-2-2-2-2-2-2','中英'),
 (358,7,1,4,'2014-11-17 18:30:00',100,'2-2-2-2-2-2-2-2-2-2-2-2-2-2-2-2','2-2-2-2-2-2-2-2-2-2-2-2-2-2-2-2','2-2-2-2-2-2-2-2-2-2-2-2-2-2-2-2','2-2-2-2-2-2-2-2-2-2-2-2-2-2-2-2','2-2-2-2-2-2-2-2-2-2-2-2-2-2-2-2','2-2-2-2-2-2-2-2-2-2-2-2-2-2-2-2','2-2-2-2-2-0-2-2-2-2-2-2-2-2-2-2','2-2-2-2-2-2-2-2-2-2-2-2-2-2-2-2','2-2-2-2-2-2-2-2-2-2-2-2-2-2-2-2','中英'),
 (359,7,9,5,'2014-11-17 18:30:00',60,'2-2-2-2-2-2-2-2-2-2-2-2-2-2-2-2','2-2-2-2-2-2-2-2-2-2-2-2-2-2-2-2','2-2-2-2-2-2-2-2-2-2-2-2-2-2-2-2','2-2-2-2-2-2-2-2-2-2-2-2-2-2-2-2','2-2-2-2-2-2-2-2-2-2-2-2-2-2-2-2','2-2-2-2-2-2-2-2-2-2-2-2-2-2-2-2','2-2-2-2-2-0-2-2-2-2-2-2-2-2-2-2','2-2-2-2-2-2-2-2-2-2-2-2-2-2-2-2','2-2-2-2-2-2-2-2-2-2-2-2-2-2-2-2','国语'),
 (360,7,7,6,'2014-11-17 18:30:00',60,'2-2-2-2-2-2-2-2-2-2-2-2-2-2-2-2','2-2-2-2-2-2-2-2-2-2-2-2-2-2-2-2','2-2-2-2-2-2-2-2-2-2-2-2-2-2-2-2','2-2-2-2-2-2-2-2-2-2-2-2-2-2-2-2','2-2-2-2-2-2-2-2-2-2-2-2-2-2-2-2','2-2-2-2-2-2-2-2-2-2-2-2-2-2-2-2','2-2-2-2-2-0-2-2-2-2-2-2-2-2-2-2','2-2-2-2-2-2-2-2-2-2-2-2-2-2-2-2','2-2-2-2-2-2-2-2-2-2-2-2-2-2-2-2','国语'),
 (361,7,6,7,'2014-11-17 18:30:00',60,'2-2-2-2-2-2-2-2-2-2-2-2-2-2-2-2','2-2-2-2-2-2-2-2-2-2-2-2-2-2-2-2','2-2-2-2-2-2-2-2-2-2-2-2-2-2-2-2','2-2-2-2-2-2-2-2-2-2-2-2-2-2-2-2','2-2-2-2-2-2-2-2-2-2-2-2-2-2-2-2','2-2-2-2-2-2-2-2-2-2-2-2-2-2-2-2','2-2-2-2-2-0-2-2-2-2-2-2-2-2-2-2','2-2-2-2-2-2-2-2-2-2-2-2-2-2-2-2','2-2-2-2-2-2-2-2-2-2-2-2-2-2-2-2','国语'),
 (362,7,5,8,'2014-11-17 18:30:00',60,'2-2-2-2-2-2-2-2-2-2-2-2-2-2-2-2','2-2-2-2-2-2-2-2-2-2-2-2-2-2-2-2','2-2-2-2-2-2-2-2-2-2-2-2-2-2-2-2','2-2-2-2-2-2-2-2-2-2-2-2-2-2-2-2','2-2-2-2-2-2-2-2-2-2-2-2-2-2-2-2','2-2-2-2-2-2-2-2-2-2-2-2-2-2-2-2','2-2-2-2-2-0-2-2-2-2-2-2-2-2-2-2','2-2-2-2-2-2-2-2-2-2-2-2-2-2-2-2','2-2-2-2-2-2-2-2-2-2-2-2-2-2-2-2','国语'),
 (363,7,3,1,'2014-11-17 21:00:00',120,'2-2-2-2-2-2-2-2-2-2-2-2-2-2-2-2','2-2-2-2-2-2-2-2-2-2-2-2-2-2-2-2','2-2-2-2-2-2-2-2-2-2-2-2-2-2-2-2','2-2-2-2-2-2-2-2-2-2-2-2-2-2-2-2','2-2-2-2-2-2-2-2-2-2-2-2-2-2-2-2','2-2-2-2-2-2-2-2-2-2-2-2-2-2-2-2','2-2-2-2-2-0-2-2-2-2-2-2-2-2-2-2','2-2-2-2-2-2-2-2-2-2-2-2-2-2-2-2','2-2-2-2-2-2-2-2-2-2-2-2-2-2-2-2','中英'),
 (364,7,2,2,'2014-11-17 21:00:00',120,'2-2-2-2-2-2-2-2-2-2-2-2-2-2-2-2','2-2-2-2-2-2-2-2-2-2-2-2-2-2-2-2','2-2-2-2-2-2-2-2-2-2-2-2-2-2-2-2','2-2-2-2-2-2-2-2-2-2-2-2-2-2-2-2','2-2-2-2-2-2-2-2-2-2-2-2-2-2-2-2','2-2-2-2-2-2-2-2-2-2-2-2-2-2-2-2','2-2-2-2-2-0-2-2-2-2-2-2-2-2-2-2','2-2-2-2-2-2-2-2-2-2-2-2-2-2-2-2','2-2-2-2-2-2-2-2-2-2-2-2-2-2-2-2','中英'),
 (365,7,1,3,'2014-11-17 21:00:00',120,'2-2-2-2-2-2-2-2-2-2-2-2-2-2-2-2','2-2-2-2-2-2-2-2-2-2-2-2-2-2-2-2','2-2-2-2-2-2-2-2-2-2-2-2-2-2-2-2','2-2-2-2-2-2-2-2-2-2-2-2-2-2-2-2','2-2-2-2-2-2-2-2-2-2-2-2-2-2-2-2','2-2-2-2-2-2-2-2-2-2-2-2-2-2-2-2','2-2-2-2-2-0-2-2-2-2-2-2-2-2-2-2','2-2-2-2-2-2-2-2-2-2-2-2-2-2-2-2','2-2-2-2-2-2-2-2-2-2-2-2-2-2-2-2','中英'),
 (366,7,9,4,'2014-11-17 21:00:00',60,'2-2-2-2-2-2-2-2-2-2-2-2-2-2-2-2','2-2-2-2-2-2-2-2-2-2-2-2-2-2-2-2','2-2-2-2-2-2-2-2-2-2-2-2-2-2-2-2','2-2-2-2-2-2-2-2-2-2-2-2-2-2-2-2','2-2-2-2-2-2-2-2-2-2-2-2-2-2-2-2','2-2-2-2-2-2-2-2-2-2-2-2-2-2-2-2','2-2-2-2-2-0-2-2-2-2-2-2-2-2-2-2','2-2-2-2-2-2-2-2-2-2-2-2-2-2-2-2','2-2-2-2-2-2-2-2-2-2-2-2-2-2-2-2','国语'),
 (367,7,7,5,'2014-11-17 21:00:00',60,'2-2-2-2-2-2-2-2-2-2-2-2-2-2-2-2','2-2-2-2-2-2-2-2-2-2-2-2-2-2-2-2','2-2-2-2-2-2-2-2-2-2-2-2-2-2-2-2','2-2-2-2-2-2-2-2-2-2-2-2-2-2-2-2','2-2-2-2-2-2-2-2-2-2-2-2-2-2-2-2','2-2-2-2-2-2-2-2-2-2-2-2-2-2-2-2','2-2-2-2-2-0-2-2-2-2-2-2-2-2-2-2','2-2-2-2-2-2-2-2-2-2-2-2-2-2-2-2','2-2-2-2-2-2-2-2-2-2-2-2-2-2-2-2','国语'),
 (368,7,6,6,'2014-11-17 21:00:00',60,'2-2-2-2-2-2-2-2-2-2-2-2-2-2-2-2','2-2-2-2-2-2-2-2-2-2-2-2-2-2-2-2','2-2-2-2-2-2-2-2-2-2-2-2-2-2-2-2','2-2-2-2-2-2-2-2-2-2-2-2-2-2-2-2','2-2-2-2-2-2-2-2-2-2-2-2-2-2-2-2','2-2-2-2-2-2-2-2-2-2-2-2-2-2-2-2','2-2-2-2-2-0-2-2-2-2-2-2-2-2-2-2','2-2-2-2-2-2-2-2-2-2-2-2-2-2-2-2','2-2-2-2-2-2-2-2-2-2-2-2-2-2-2-2','国语'),
 (369,7,5,7,'2014-11-17 21:00:00',60,'2-2-2-2-2-2-2-2-2-2-2-2-2-2-2-2','2-2-2-2-2-2-2-2-2-2-2-2-2-2-2-2','2-2-2-2-2-2-2-2-2-2-2-2-2-2-2-2','2-2-2-2-2-2-2-2-2-2-2-2-2-2-2-2','2-2-2-2-2-2-2-2-2-2-2-2-2-2-2-2','2-2-2-2-2-2-2-2-2-2-2-2-2-2-2-2','2-2-2-2-2-0-2-2-2-2-2-2-2-2-2-2','2-2-2-2-2-2-2-2-2-2-2-2-2-2-2-2','2-2-2-2-2-2-2-2-2-2-2-2-2-2-2-2','国语'),
 (370,7,4,8,'2014-11-17 21:00:00',120,'2-2-2-2-2-2-2-2-2-2-2-2-2-2-2-2','2-2-2-2-2-2-2-2-2-2-2-2-2-2-2-2','2-2-2-2-2-2-2-2-2-2-2-2-2-2-2-2','2-2-2-2-2-2-2-2-2-2-2-2-2-2-2-2','2-2-2-2-2-2-2-2-2-2-2-2-2-2-2-2','2-2-2-2-2-2-2-2-2-2-2-2-2-2-2-2','2-2-2-2-2-0-2-2-2-2-2-2-2-2-2-2','2-2-2-2-2-2-2-2-2-2-2-2-2-2-2-2','2-2-2-2-2-2-2-2-2-2-2-2-2-2-2-2','中英'),
 (371,5,2,1,'2014-11-18 08:30:00',100,'2-2-2-2-2-2-2-2-2-2-2-2-2-2-2-2','2-2-2-2-2-2-2-2-2-2-2-2-2-2-2-2','2-2-2-2-2-2-2-2-2-2-2-2-2-2-2-2','2-2-2-2-2-2-2-2-2-2-2-2-2-2-2-2','2-2-2-2-2-2-2-2-2-2-2-2-2-2-2-2','2-2-2-2-2-2-2-2-2-2-2-2-2-2-2-2','2-2-2-2-2-2-2-2-2-2-2-2-2-2-2-2','2-2-2-2-2-2-2-2-2-2-2-2-2-2-2-2','2-2-2-2-2-2-2-2-2-2-2-2-2-2-2-2','中英'),
 (372,5,3,1,'2014-11-18 16:00:00',100,'2-2-2-2-2-2-2-2-2-2-2-2-2-2-2-2','2-2-2-2-2-2-2-2-2-2-2-2-2-2-2-2','2-2-2-2-2-2-2-2-2-2-2-2-2-2-2-2','2-2-2-2-2-2-2-2-2-2-2-2-2-2-2-2','2-2-2-2-2-2-2-2-2-2-2-2-2-2-2-2','2-2-2-2-2-2-2-2-2-2-2-2-2-2-2-2','2-2-2-2-2-2-2-2-2-2-2-2-2-2-2-2','2-2-2-2-2-2-2-2-2-2-2-2-2-2-2-2','2-2-2-2-2-2-2-2-2-2-2-2-2-2-2-2','中英'),
 (373,5,6,2,'2014-11-18 11:00:00',60,'2-2-2-2-2-2-2-2-2-2-2-2-2-2-2-2','2-2-2-2-2-2-2-2-2-2-2-2-2-2-2-2','2-2-2-2-2-2-2-2-2-2-2-2-2-2-2-2','2-2-2-2-2-2-2-2-2-2-2-2-2-2-2-2','2-2-2-2-2-2-2-2-2-2-2-2-2-2-2-2','2-2-2-2-2-2-2-2-2-2-2-2-2-2-2-2','2-2-2-2-2-2-2-2-2-2-2-2-2-2-2-2','2-2-2-2-2-2-2-2-2-2-2-2-2-2-2-2','2-2-2-2-2-2-2-2-2-2-2-2-2-2-2-2','中英'),
 (374,5,1,2,'2014-11-18 08:30:00',100,'2-2-2-2-2-2-2-2-2-2-2-2-2-2-2-2','2-2-2-2-2-2-2-2-2-2-2-2-2-2-2-2','2-2-2-2-2-2-2-2-2-2-2-2-2-2-2-2','2-2-2-2-2-2-2-2-2-2-2-2-2-2-2-2','2-2-2-2-2-1-1-1-2-2-2-2-2-2-2-2','2-2-2-2-2-2-2-2-2-2-2-2-2-2-2-2','2-2-2-2-2-2-2-2-2-2-2-2-2-2-2-2','2-2-2-2-2-2-2-2-2-2-2-2-2-2-2-2','2-2-2-2-2-2-2-2-2-2-2-2-2-2-2-2','中英'),
 (375,5,9,3,'2014-11-18 18:30:00',60,'2-2-2-2-2-2-2-2-2-2-2-2-2-2-2-2','2-2-2-2-2-2-2-2-2-2-2-2-2-2-2-2','2-2-2-2-2-2-2-2-2-2-2-2-2-2-2-2','2-2-2-2-2-2-2-2-2-2-2-2-2-2-2-2','2-2-2-2-2-2-2-2-2-2-2-2-2-2-2-2','2-2-2-2-2-2-2-2-2-2-2-2-2-2-2-2','2-2-2-2-2-2-2-2-2-2-2-2-2-2-2-2','2-2-2-2-2-2-2-2-2-2-2-2-2-2-2-2','2-2-2-2-2-2-2-2-2-2-2-2-2-2-2-2','国语'),
 (376,5,7,3,'2014-11-18 21:00:00',60,'2-2-2-2-2-2-2-2-2-2-2-2-2-2-2-2','2-2-2-2-2-2-2-2-2-2-2-2-2-2-2-2','2-2-2-2-2-2-2-2-2-2-2-2-2-2-2-2','2-2-2-2-2-2-2-2-2-2-2-2-2-2-2-2','2-2-2-2-2-2-2-2-2-2-2-2-2-2-2-2','2-2-2-2-2-2-2-2-2-2-2-2-2-2-2-2','2-2-2-2-2-2-2-2-2-2-2-2-2-2-2-2','2-2-2-2-2-2-2-2-2-2-2-2-2-2-2-2','2-2-2-2-2-2-2-2-2-2-2-2-2-2-2-2','国语'),
 (377,5,7,4,'2014-11-18 08:30:00',60,'2-2-2-2-2-2-2-2-2-2-2-2-2-2-2-2','2-2-2-2-2-2-2-2-2-2-2-2-2-2-2-2','2-2-2-2-2-2-2-2-2-2-2-2-2-2-2-2','2-2-2-2-2-2-2-2-2-2-2-2-2-2-2-2','2-2-2-2-2-2-2-2-2-2-2-2-2-2-2-2','2-2-2-2-2-2-2-2-2-2-2-2-2-2-2-2','2-2-2-2-2-2-2-2-2-2-2-2-2-2-2-2','2-2-2-2-2-2-2-2-2-2-2-2-2-2-2-2','2-2-2-2-2-2-2-2-2-2-2-2-2-2-2-2','国语'),
 (378,5,5,4,'2014-11-18 13:30:00',60,'2-2-2-2-2-2-2-2-2-2-2-2-2-2-2-2','2-2-2-2-2-2-2-2-2-2-2-2-2-2-2-2','2-2-2-2-2-2-2-2-2-2-2-2-2-2-2-2','2-2-2-2-2-2-2-2-2-2-2-2-2-2-2-2','2-2-2-2-2-2-2-2-2-2-2-2-2-2-2-2','2-2-2-2-2-2-2-2-2-2-2-2-2-2-2-2','2-2-2-2-2-2-2-2-2-2-2-2-2-2-2-2','2-2-2-2-2-2-2-2-2-2-2-2-2-2-2-2','2-2-2-2-2-2-2-2-2-2-2-2-2-2-2-2','国语'),
 (379,5,4,5,'2014-11-18 16:00:00',100,'2-2-2-2-2-2-2-2-2-2-2-2-2-2-2-2','2-2-2-2-2-2-2-2-2-2-2-2-2-2-2-2','2-2-2-2-2-2-2-2-2-2-2-2-2-2-2-2','2-2-2-2-2-2-2-2-2-2-2-2-2-2-2-2','2-2-2-2-2-2-2-2-2-2-2-2-2-2-2-2','2-2-2-2-2-2-2-2-2-2-2-2-2-2-2-2','2-2-2-2-2-2-2-2-2-2-2-2-2-2-2-2','2-2-2-2-2-2-2-2-2-2-2-2-2-2-2-2','2-2-2-2-2-2-2-2-2-2-2-2-2-2-2-2','中英'),
 (380,5,3,5,'2014-11-18 21:00:00',120,'2-2-2-2-2-2-2-2-2-2-2-2-2-2-2-2','2-2-2-2-2-2-2-2-2-2-2-2-2-2-2-2','2-2-2-2-2-2-2-2-2-2-2-2-2-2-2-2','2-2-2-2-2-2-2-2-2-2-2-2-2-2-2-2','2-2-2-2-2-2-2-2-2-2-2-2-2-2-2-2','2-2-2-2-2-2-2-2-2-2-2-2-2-2-2-2','2-2-2-2-2-2-2-2-2-2-2-2-2-2-2-2','2-2-2-2-2-2-2-2-2-2-2-2-2-2-2-2','2-2-2-2-2-2-2-2-2-2-2-2-2-2-2-2','中英'),
 (381,5,9,6,'2014-11-18 08:30:00',60,'2-2-2-2-2-2-2-2-2-2-2-2-2-2-2-2','2-2-2-2-2-2-2-2-2-2-2-2-2-2-2-2','2-2-2-2-2-2-2-2-2-2-2-2-2-2-2-2','2-2-2-2-2-2-2-2-2-2-2-2-2-2-2-2','2-2-2-2-2-2-2-2-2-2-2-2-2-2-2-2','2-2-2-2-2-2-2-2-2-2-2-2-2-2-2-2','2-2-2-2-2-2-2-2-2-2-2-2-2-2-2-2','2-2-2-2-2-2-2-2-2-2-2-2-2-2-2-2','2-2-2-2-2-2-2-2-2-2-2-2-2-2-2-2','国语'),
 (382,5,1,6,'2014-11-18 16:00:00',100,'2-2-2-2-2-2-2-2-2-2-2-2-2-2-2-2','2-2-2-2-2-2-2-2-2-2-2-2-2-2-2-2','2-2-2-2-2-2-2-2-2-2-2-2-2-2-2-2','2-2-2-2-2-2-2-2-2-2-2-2-2-2-2-2','2-2-2-2-2-2-2-2-2-2-2-2-2-2-2-2','2-2-2-2-2-2-2-2-2-2-2-2-2-2-2-2','2-2-2-2-2-2-2-2-2-2-2-2-2-2-2-2','2-2-2-2-2-2-2-2-2-2-2-2-2-2-2-2','2-2-2-2-2-2-2-2-2-2-2-2-2-2-2-2','中英'),
 (383,5,4,7,'2014-11-18 13:30:00',100,'2-2-2-2-2-2-2-2-2-2-2-2-2-2-2-2','2-2-2-2-2-2-2-2-2-2-2-2-2-2-2-2','2-2-2-2-2-2-2-2-2-2-2-2-2-2-2-2','2-2-2-2-2-2-2-2-2-2-2-2-2-2-2-2','2-2-2-2-2-2-2-2-2-2-2-2-2-2-2-2','2-2-2-2-2-2-2-2-2-2-2-2-2-2-2-2','2-2-2-2-2-2-2-2-2-2-2-2-2-2-2-2','2-2-2-2-2-2-2-2-2-2-2-2-2-2-2-2','2-2-2-2-2-2-2-2-2-2-2-2-2-2-2-2','中英'),
 (384,5,2,7,'2014-11-18 16:00:00',100,'2-2-2-2-2-2-2-2-2-2-2-2-2-2-2-2','2-2-2-2-2-2-2-2-2-2-2-2-2-2-2-2','2-2-2-2-2-2-2-2-2-2-2-2-2-2-2-2','2-2-2-2-2-2-2-2-2-2-2-2-2-2-2-2','2-2-2-2-2-2-2-2-2-2-2-2-2-2-2-2','2-2-2-2-2-2-2-2-2-2-2-2-2-2-2-2','2-2-2-2-2-2-2-2-2-2-2-2-2-2-2-2','2-2-2-2-2-2-2-2-2-2-2-2-2-2-2-2','2-2-2-2-2-2-2-2-2-2-2-2-2-2-2-2','中英'),
 (385,5,6,8,'2014-11-18 13:30:00',60,'2-2-2-2-2-2-2-2-2-2-2-2-2-2-2-2','2-2-2-2-2-2-2-2-2-2-2-2-2-2-2-2','2-2-2-2-2-2-2-2-2-2-2-2-2-2-2-2','2-2-2-2-2-2-2-2-2-2-2-2-2-2-2-2','2-2-2-2-2-2-2-2-2-2-2-2-2-2-2-2','2-2-2-2-2-2-2-2-2-2-2-2-2-2-2-2','2-2-2-2-2-2-2-2-2-2-2-2-2-2-2-2','2-2-2-2-2-2-2-2-2-2-2-2-2-2-2-2','2-2-2-2-2-2-2-2-2-2-2-2-2-2-2-2','国语'),
 (386,5,5,8,'2014-11-18 18:30:00',60,'2-2-2-2-2-2-2-2-2-2-2-2-2-2-2-2','2-2-2-2-2-2-2-2-2-2-2-2-2-2-2-2','2-2-2-2-2-2-2-2-2-2-2-2-2-2-2-2','2-2-2-2-2-2-2-2-2-2-2-2-2-2-2-2','2-2-2-2-2-2-2-2-2-2-2-2-2-2-2-2','2-2-2-2-2-2-2-2-2-2-2-2-2-2-2-2','2-2-2-2-2-2-2-2-2-2-2-2-2-2-2-2','2-2-2-2-2-2-2-2-2-2-2-2-2-2-2-2','2-2-2-2-2-2-2-2-2-2-2-2-2-2-2-2','国语'),
 (387,6,1,1,'2014-11-18 08:30:00',100,'2-2-2-2-2-2-2-2-2-2-2-2-2-2-2-2','2-2-2-2-2-2-2-2-2-2-2-2-2-2-2-2','2-2-2-2-2-2-2-2-2-2-2-2-2-2-2-2','2-2-2-2-2-2-2-2-2-2-2-2-2-2-2-2','2-2-2-2-2-2-2-2-2-2-2-2-2-2-2-2','2-2-2-2-2-2-2-2-2-2-2-2-2-2-2-2','2-2-2-2-2-2-2-2-2-2-2-2-2-2-2-2','2-2-2-2-2-2-2-2-2-2-2-2-2-2-2-2','2-2-2-2-2-2-2-2-2-2-2-2-2-2-2-2','中英'),
 (388,6,5,1,'2014-11-18 11:00:00',60,'2-2-2-2-2-2-2-2-2-2-2-2-2-2-2-2','2-2-2-2-2-2-2-2-2-2-2-2-2-2-2-2','2-2-2-2-2-2-2-2-2-2-2-2-2-2-2-2','2-2-2-2-2-2-2-2-2-2-2-2-2-2-2-2','2-2-2-2-2-2-2-2-2-2-2-2-2-2-2-2','2-2-2-2-2-2-2-2-2-2-2-2-2-2-2-2','2-2-2-2-2-2-2-2-2-2-2-2-2-2-2-2','2-2-2-2-2-2-2-2-2-2-2-2-2-2-2-2','2-2-2-2-2-2-2-2-2-2-2-2-2-2-2-2','国语'),
 (389,6,2,2,'2014-11-18 08:30:00',100,'2-2-2-2-2-2-2-2-2-2-2-2-2-2-2-2','2-2-2-2-2-2-2-2-2-2-2-2-2-2-2-2','2-2-2-2-2-2-2-2-2-2-2-2-2-2-2-2','2-2-2-2-2-2-2-2-2-2-2-2-2-2-2-2','2-2-2-2-2-2-2-2-2-2-2-2-2-2-2-2','2-2-2-2-2-2-2-2-2-2-2-2-2-2-2-2','2-2-2-2-2-2-2-2-2-2-2-2-2-2-2-2','2-2-2-2-2-2-2-2-2-2-2-2-2-2-2-2','2-2-2-2-2-2-2-2-2-2-2-2-2-2-2-2','中英'),
 (390,6,6,2,'2014-11-18 16:00:00',60,'2-2-2-2-2-2-2-2-2-2-2-2-2-2-2-2','2-2-2-2-2-2-2-2-2-2-2-2-2-2-2-2','2-2-2-2-2-2-2-2-2-2-2-2-2-2-2-2','2-2-2-2-2-2-2-2-2-2-2-2-2-2-2-2','2-2-2-2-2-2-2-2-2-2-2-2-2-2-2-2','2-2-2-2-2-2-2-2-2-2-2-2-2-2-2-2','2-2-2-2-2-2-2-2-2-2-2-2-2-2-2-2','2-2-2-2-2-2-2-2-2-2-2-2-2-2-2-2','2-2-2-2-2-2-2-2-2-2-2-2-2-2-2-2','国语'),
 (391,6,3,3,'2014-11-18 08:30:00',100,'2-2-2-2-2-2-2-2-2-2-2-2-2-2-2-2','2-2-2-2-2-2-2-2-2-2-2-2-2-2-2-2','2-2-2-2-2-2-2-2-2-2-2-2-2-2-2-2','2-2-2-2-2-2-2-2-2-2-2-2-2-2-2-2','2-2-2-2-2-2-2-2-2-2-2-2-2-2-2-2','2-2-2-2-2-2-2-2-2-2-2-2-2-2-2-2','2-2-2-2-2-2-2-2-2-2-2-2-2-2-2-2','2-2-2-2-2-2-2-2-2-2-2-2-2-2-2-2','2-2-2-2-2-2-2-2-2-2-2-2-2-2-2-2','中英'),
 (392,6,7,3,'2014-11-18 21:00:00',60,'2-2-2-2-2-2-2-2-2-2-2-2-2-2-2-2','2-2-2-2-2-2-2-2-2-2-2-2-2-2-2-2','2-2-2-2-2-2-2-2-2-2-2-2-2-2-2-2','2-2-2-2-2-2-2-2-2-2-2-2-2-2-2-2','2-2-2-2-2-2-2-2-2-2-2-2-2-2-2-2','2-2-2-2-2-2-2-2-2-2-2-2-2-2-2-2','2-2-2-2-2-2-2-2-2-2-2-2-2-2-2-2','2-2-2-2-2-2-2-2-2-2-2-2-2-2-2-2','2-2-2-2-2-2-2-2-2-2-2-2-2-2-2-2','国语'),
 (393,6,9,4,'2014-11-18 18:30:00',60,'2-2-2-2-2-2-2-2-2-2-2-2-2-2-2-2','2-2-2-2-2-2-2-2-2-2-2-2-2-2-2-2','2-2-2-2-2-2-2-2-2-2-2-2-2-2-2-2','2-2-2-2-2-2-2-2-2-2-2-2-2-2-2-2','2-2-2-2-2-2-2-2-2-2-2-2-2-2-2-2','2-2-2-2-2-2-2-2-2-2-2-2-2-2-2-2','2-2-2-2-2-2-2-2-2-2-2-2-2-2-2-2','2-2-2-2-2-2-2-2-2-2-2-2-2-2-2-2','2-2-2-2-2-2-2-2-2-2-2-2-2-2-2-2','国语'),
 (394,6,4,4,'2014-11-18 21:00:00',120,'2-2-2-2-2-2-2-2-2-2-2-2-2-2-2-2','2-2-2-2-2-2-2-2-2-2-2-2-2-2-2-2','2-2-2-2-2-2-2-2-2-2-2-2-2-2-2-2','2-2-2-2-2-2-2-2-2-2-2-2-2-2-2-2','2-2-2-2-2-2-2-2-2-2-2-2-2-2-2-2','2-2-2-2-2-2-2-2-2-2-2-2-2-2-2-2','2-2-2-2-2-2-2-2-2-2-2-2-2-2-2-2','2-2-2-2-2-2-2-2-2-2-2-2-2-2-2-2','2-2-2-2-2-2-2-2-2-2-2-2-2-2-2-2','中英'),
 (395,6,5,5,'2014-11-18 08:30:00',60,'2-2-2-2-2-2-2-2-2-2-2-2-2-2-2-2','2-2-2-2-2-2-2-2-2-2-2-2-2-2-2-2','2-2-2-2-2-2-2-2-2-2-2-2-2-2-2-2','2-2-2-2-2-2-2-2-2-2-2-2-2-2-2-2','2-2-2-2-2-2-2-2-2-2-2-2-2-2-2-2','2-2-2-2-2-2-2-2-2-2-2-2-2-2-2-2','2-2-2-2-2-2-2-2-2-2-2-2-2-2-2-2','2-2-2-2-2-2-2-2-2-2-2-2-2-2-2-2','2-2-2-2-2-2-2-2-2-2-2-2-2-2-2-2','国语'),
 (396,6,6,5,'2014-11-18 11:00:00',60,'2-2-2-2-2-2-2-2-2-2-2-2-2-2-2-2','2-2-2-2-2-2-2-2-2-2-2-2-2-2-2-2','2-2-2-2-2-2-2-2-2-2-2-2-2-2-2-2','2-2-2-2-2-2-2-2-2-2-2-2-2-2-2-2','2-2-2-2-2-2-2-2-2-2-2-2-2-2-2-2','2-2-2-2-2-2-2-2-2-2-2-2-2-2-2-2','2-2-2-2-2-2-2-2-2-2-2-2-2-2-2-2','2-2-2-2-2-2-2-2-2-2-2-2-2-2-2-2','2-2-2-2-2-2-2-2-2-2-2-2-2-2-2-2','国语'),
 (397,6,1,6,'2014-11-18 11:00:00',100,'2-2-2-2-2-2-2-2-2-2-2-2-2-2-2-2','2-2-2-2-2-2-2-2-2-2-2-2-2-2-2-2','2-2-2-2-2-2-2-2-2-2-2-2-2-2-2-2','2-2-2-2-2-2-2-2-2-2-2-2-2-2-2-2','2-2-2-2-2-2-2-2-2-2-2-2-2-2-2-2','2-2-2-2-2-2-2-2-2-2-2-2-2-2-2-2','2-2-2-2-2-2-2-2-2-2-2-2-2-2-2-2','2-2-2-2-2-2-2-2-2-2-2-2-2-2-2-2','2-2-2-2-2-2-2-2-2-2-2-2-2-2-2-2','中英'),
 (398,6,1,6,'2014-11-18 21:00:00',120,'2-2-2-2-2-2-2-2-2-2-2-2-2-2-2-2','2-2-2-2-2-2-2-2-2-2-2-2-2-2-2-2','2-2-2-2-2-2-2-2-2-2-2-2-2-2-2-2','2-2-2-2-2-2-2-2-2-2-2-2-2-2-2-2','2-2-2-2-2-2-2-2-2-2-2-2-2-2-2-2','2-2-2-2-2-2-2-2-2-2-2-2-2-2-2-2','2-2-2-2-2-2-2-2-2-2-2-2-2-2-2-2','2-2-2-2-2-2-2-2-2-2-2-2-2-2-2-2','2-2-2-2-2-2-2-2-2-2-2-2-2-2-2-2','中英'),
 (399,6,6,7,'2014-11-18 18:30:00',60,'2-2-2-2-2-2-2-2-2-2-2-2-2-2-2-2','2-2-2-2-2-2-2-2-2-2-2-2-2-2-2-2','2-2-2-2-2-2-2-2-2-2-2-2-2-2-2-2','2-2-2-2-2-2-2-2-2-2-2-2-2-2-2-2','2-2-2-2-2-2-2-2-2-2-2-2-2-2-2-2','2-2-2-2-2-2-2-2-2-2-2-2-2-2-2-2','2-2-2-2-2-2-2-2-2-2-2-2-2-2-2-2','2-2-2-2-2-2-2-2-2-2-2-2-2-2-2-2','2-2-2-2-2-2-2-2-2-2-2-2-2-2-2-2','国语'),
 (400,6,3,7,'2014-11-18 21:00:00',120,'2-2-2-2-2-2-2-2-2-2-2-2-2-2-2-2','2-2-2-2-2-2-2-2-2-2-2-2-2-2-2-2','2-2-2-2-2-2-2-2-2-2-2-2-2-2-2-2','2-2-2-2-2-2-2-2-2-2-2-2-2-2-2-2','2-2-2-2-2-2-2-2-2-2-2-2-2-2-2-2','2-2-2-2-2-2-2-2-2-2-2-2-2-2-2-2','2-2-2-2-2-2-2-2-2-2-2-2-2-2-2-2','2-2-2-2-2-2-2-2-2-2-2-2-2-2-2-2','2-2-2-2-2-2-2-2-2-2-2-2-2-2-2-2','中英'),
 (401,6,9,8,'2014-11-18 13:30:00',60,'2-2-2-2-2-2-2-2-2-2-2-2-2-2-2-2','2-2-2-2-2-2-2-2-2-2-2-2-2-2-2-2','2-2-2-2-2-2-2-2-2-2-2-2-2-2-2-2','2-2-2-2-2-2-2-2-2-2-2-2-2-2-2-2','2-2-2-2-2-2-2-2-2-2-2-2-2-2-2-2','2-2-2-2-2-2-2-2-2-2-2-2-2-2-2-2','2-2-2-2-2-2-2-2-2-2-2-2-2-2-2-2','2-2-2-2-2-2-2-2-2-2-2-2-2-2-2-2','2-2-2-2-2-2-2-2-2-2-2-2-2-2-2-2','国语'),
 (402,6,6,8,'2014-11-18 16:00:00',60,'2-2-2-2-2-2-2-2-2-2-2-2-2-2-2-2','2-2-2-2-2-2-2-2-2-2-2-2-2-2-2-2','2-2-2-2-2-2-2-2-2-2-2-2-2-2-2-2','2-2-2-2-2-2-2-2-2-2-2-2-2-2-2-2','2-2-2-2-2-2-2-2-2-2-2-2-2-2-2-2','2-2-2-2-2-2-2-2-2-2-2-2-2-2-2-2','2-2-2-2-2-2-2-2-2-2-2-2-2-2-2-2','2-2-2-2-2-2-2-2-2-2-2-2-2-2-2-2','2-2-2-2-2-2-2-2-2-2-2-2-2-2-2-2','国语'),
 (403,7,1,1,'2014-11-18 08:30:00',100,'2-2-2-2-2-2-2-2-2-2-2-2-2-2-2-2','2-2-2-2-2-2-2-2-2-2-2-2-2-2-2-2','2-2-2-2-2-2-2-2-2-2-2-2-2-2-2-2','2-2-2-2-2-2-2-2-2-2-2-2-2-2-2-2','2-2-2-2-2-2-2-2-2-2-2-2-2-2-2-2','2-2-2-2-2-2-2-2-2-2-2-2-2-2-2-2','2-2-2-2-2-2-2-2-2-2-2-2-2-2-2-2','2-2-2-2-2-2-2-2-2-2-2-2-2-2-2-2','2-2-2-2-2-2-2-2-2-2-2-2-2-2-2-2','中英'),
 (404,7,1,1,'2014-11-18 18:30:00',100,'2-2-2-2-2-2-2-2-2-2-2-2-2-2-2-2','2-2-2-2-2-2-2-2-2-2-2-2-2-2-2-2','2-2-2-2-2-2-2-2-2-2-2-2-2-2-2-2','2-2-2-2-2-2-2-2-2-2-2-2-2-2-2-2','2-2-2-2-2-2-2-2-2-2-2-2-2-2-2-2','2-2-2-2-2-2-2-2-2-2-2-2-2-2-2-2','2-2-2-2-2-2-2-2-2-2-2-2-2-2-2-2','2-2-2-2-2-2-2-2-2-2-2-2-2-2-2-2','2-2-2-2-2-2-2-2-2-2-2-2-2-2-2-2','中英'),
 (405,7,4,2,'2014-11-18 13:30:00',100,'2-2-2-2-2-2-2-2-2-2-2-2-2-2-2-2','2-2-2-2-2-2-2-2-2-2-2-2-2-2-2-2','2-2-2-2-2-2-2-2-2-2-2-2-2-2-2-2','2-2-2-2-2-2-2-2-2-2-2-2-2-2-2-2','2-2-2-2-2-2-2-2-2-2-2-2-2-2-2-2','2-2-2-2-2-2-2-2-2-2-2-2-2-2-2-2','2-2-2-2-2-2-2-2-2-2-2-2-2-2-2-2','2-2-2-2-2-2-2-2-2-2-2-2-2-2-2-2','2-2-2-2-2-2-2-2-2-2-2-2-2-2-2-2','中英'),
 (406,7,5,2,'2014-11-18 18:30:00',60,'2-2-2-2-2-2-2-2-2-2-2-2-2-2-2-2','2-2-2-2-2-2-2-2-2-2-2-2-2-2-2-2','2-2-2-2-2-2-2-2-2-2-2-2-2-2-2-2','2-2-2-2-2-2-2-2-2-2-2-2-2-2-2-2','2-2-2-2-2-2-2-2-2-2-2-2-2-2-2-2','2-2-2-2-2-2-2-2-2-2-2-2-2-2-2-2','2-2-2-2-2-2-2-2-2-2-2-2-2-2-2-2','2-2-2-2-2-2-2-2-2-2-2-2-2-2-2-2','2-2-2-2-2-2-2-2-2-2-2-2-2-2-2-2','国语'),
 (407,7,2,3,'2014-11-18 11:00:00',100,'2-2-2-2-2-2-2-2-2-2-2-2-2-2-2-2','2-2-2-2-2-2-2-2-2-2-2-2-2-2-2-2','2-2-2-2-2-2-2-2-2-2-2-2-2-2-2-2','2-2-2-2-2-2-2-2-2-2-2-2-2-2-2-2','2-2-2-2-2-2-2-2-2-2-2-2-2-2-2-2','2-2-2-2-2-2-2-2-2-2-2-2-2-2-2-2','2-2-2-2-2-2-2-2-2-2-2-2-2-2-2-2','2-2-2-2-2-2-2-2-2-2-2-2-2-2-2-2','2-2-2-2-2-2-2-2-2-2-2-2-2-2-2-2','中英'),
 (408,7,3,3,'2014-11-18 16:00:00',100,'2-2-2-2-2-2-2-2-2-2-2-2-2-2-2-2','2-2-2-2-2-2-2-2-2-2-2-2-2-2-2-2','2-2-2-2-2-2-2-2-2-2-2-2-2-2-2-2','2-2-2-2-2-2-2-2-2-2-2-2-2-2-2-2','2-2-2-2-2-2-2-2-2-2-2-2-2-2-2-2','2-2-2-2-2-2-2-2-2-2-2-2-2-2-2-2','2-2-2-2-2-2-2-2-2-2-2-2-2-2-2-2','2-2-2-2-2-2-2-2-2-2-2-2-2-2-2-2','2-2-2-2-2-2-2-2-2-2-2-2-2-2-2-2','中英'),
 (409,7,1,4,'2014-11-18 13:30:00',100,'2-2-2-2-2-2-2-2-2-2-2-2-2-2-2-2','2-2-2-2-2-2-2-2-2-2-2-2-2-2-2-2','2-2-2-2-2-2-2-2-2-2-2-2-2-2-2-2','2-2-2-2-2-2-2-2-2-2-2-2-2-2-2-2','2-2-2-2-2-2-2-2-2-2-2-2-2-2-2-2','2-2-2-2-2-2-2-2-2-2-2-2-2-2-2-2','2-2-2-2-2-2-2-2-2-2-2-2-2-2-2-2','2-2-2-2-2-2-2-2-2-2-2-2-2-2-2-2','2-2-2-2-2-2-2-2-2-2-2-2-2-2-2-2','中英'),
 (410,7,9,4,'2014-11-18 13:30:00',60,'2-2-2-2-2-2-2-2-2-2-2-2-2-2-2-2','2-2-2-2-2-2-2-2-2-2-2-2-2-2-2-2','2-2-2-2-2-2-2-2-2-2-2-2-2-2-2-2','2-2-2-2-2-2-2-2-2-2-2-2-2-2-2-2','2-2-2-2-2-2-2-2-2-2-2-2-2-2-2-2','2-2-2-2-2-2-2-2-2-2-2-2-2-2-2-2','2-2-2-2-2-2-2-2-2-2-2-2-2-2-2-2','2-2-2-2-2-2-2-2-2-2-2-2-2-2-2-2','2-2-2-2-2-2-2-2-2-2-2-2-2-2-2-2','国语'),
 (411,7,6,5,'2014-11-18 16:00:00',60,'2-2-2-2-2-2-2-2-2-2-2-2-2-2-2-2','2-2-2-2-2-2-2-2-2-2-2-2-2-2-2-2','2-2-2-2-2-2-2-2-2-2-2-2-2-2-2-2','2-2-2-2-2-2-2-2-2-2-2-2-2-2-2-2','2-2-2-2-2-2-2-2-2-2-2-2-2-2-2-2','2-2-2-2-2-2-2-2-2-2-2-2-2-2-2-2','2-2-2-2-2-2-2-2-2-2-2-2-2-2-2-2','2-2-2-2-2-2-2-2-2-2-2-2-2-2-2-2','2-2-2-2-2-2-2-2-2-2-2-2-2-2-2-2','国语'),
 (412,7,6,5,'2014-11-18 21:00:00',60,'2-2-2-2-2-2-2-2-2-2-2-2-2-2-2-2','2-2-2-2-2-2-2-2-2-2-2-2-2-2-2-2','2-2-2-2-2-2-2-2-2-2-2-2-2-2-2-2','2-2-2-2-2-2-2-2-2-2-2-2-2-2-2-2','2-2-2-2-2-2-2-2-2-2-2-2-2-2-2-2','2-2-2-2-2-2-2-2-2-2-2-2-2-2-2-2','2-2-2-2-2-2-2-2-2-2-2-2-2-2-2-2','2-2-2-2-2-2-2-2-2-2-2-2-2-2-2-2','2-2-2-2-2-2-2-2-2-2-2-2-2-2-2-2','国语'),
 (413,7,9,6,'2014-11-18 11:00:00',60,'2-2-2-2-2-2-2-2-2-2-2-2-2-2-2-2','2-2-2-2-2-2-2-2-2-2-2-2-2-2-2-2','2-2-2-2-2-2-2-2-2-2-2-2-2-2-2-2','2-2-2-2-2-2-2-2-2-2-2-2-2-2-2-2','2-2-2-2-2-2-2-2-2-2-2-2-2-2-2-2','2-2-2-2-2-2-2-2-2-2-2-2-2-2-2-2','2-2-2-2-2-2-2-2-2-2-2-2-2-2-2-2','2-2-2-2-2-2-2-2-2-2-2-2-2-2-2-2','2-2-2-2-2-2-2-2-2-2-2-2-2-2-2-2','国语'),
 (414,7,9,6,'2014-11-18 16:00:00',60,'2-2-2-2-2-2-2-2-2-2-2-2-2-2-2-2','2-2-2-2-2-2-2-2-2-2-2-2-2-2-2-2','2-2-2-2-2-2-2-2-2-2-2-2-2-2-2-2','2-2-2-2-2-2-2-2-2-2-2-2-2-2-2-2','2-2-2-2-2-2-2-2-2-2-2-2-2-2-2-2','2-2-2-2-2-2-2-2-2-2-2-2-2-2-2-2','2-2-2-2-2-2-2-2-2-2-2-2-2-2-2-2','2-2-2-2-2-2-2-2-2-2-2-2-2-2-2-2','2-2-2-2-2-2-2-2-2-2-2-2-2-2-2-2','国语'),
 (415,7,4,7,'2014-11-18 11:00:00',100,'2-2-2-2-2-2-2-2-2-2-2-2-2-2-2-2','2-2-2-2-2-2-2-2-2-2-2-2-2-2-2-2','2-2-2-2-2-2-2-2-2-2-2-2-2-2-2-2','2-2-2-2-2-2-2-2-2-2-2-2-2-2-2-2','2-2-2-2-2-2-2-2-2-2-2-2-2-2-2-2','2-2-2-2-2-2-2-2-2-2-2-2-2-2-2-2','2-2-2-2-2-2-2-2-2-2-2-2-2-2-2-2','2-2-2-2-2-2-2-2-2-2-2-2-2-2-2-2','2-2-2-2-2-2-2-2-2-2-2-2-2-2-2-2','中英'),
 (416,7,3,7,'2014-11-18 16:30:00',100,'2-2-2-2-2-2-2-2-2-2-2-2-2-2-2-2','2-2-2-2-2-2-2-2-2-2-2-2-2-2-2-2','2-2-2-2-2-2-2-2-2-2-2-2-2-2-2-2','2-2-2-2-2-2-2-2-2-2-2-2-2-2-2-2','2-2-2-2-2-2-2-2-2-2-2-2-2-2-2-2','2-2-2-2-2-2-2-2-2-2-2-2-2-2-2-2','2-2-2-2-2-2-2-2-2-2-2-2-2-2-2-2','2-2-2-2-2-2-2-2-2-2-2-2-2-2-2-2','2-2-2-2-2-2-2-2-2-2-2-2-2-2-2-2','中英'),
 (417,7,5,8,'2014-11-18 13:30:00',60,'2-2-2-2-2-2-2-2-2-2-2-2-2-2-2-2','2-2-2-2-2-2-2-2-2-2-2-2-2-2-2-2','2-2-2-2-2-2-2-2-2-2-2-2-2-2-2-2','2-2-2-2-2-2-2-2-2-2-2-2-2-2-2-2','2-2-2-2-2-2-2-2-2-2-2-2-2-2-2-2','2-2-2-2-2-2-2-2-2-2-2-2-2-2-2-2','2-2-2-2-2-2-2-2-2-2-2-2-2-2-2-2','2-2-2-2-2-2-2-2-2-2-2-2-2-2-2-2','2-2-2-2-2-2-2-2-2-2-2-2-2-2-2-2','国语'),
 (418,7,1,8,'2014-11-18 21:00:00',120,'2-2-2-2-2-2-2-2-2-2-2-2-2-2-2-2','2-2-2-2-2-2-2-2-2-2-2-2-2-2-2-2','2-2-2-2-2-2-2-2-2-2-2-2-2-2-2-2','2-2-2-2-2-2-2-2-2-2-2-2-2-2-2-2','2-2-2-2-2-2-2-2-2-2-2-2-2-2-2-2','2-2-2-2-2-2-2-2-2-2-2-2-2-2-2-2','2-2-2-2-2-2-2-2-2-2-2-2-2-2-2-2','2-2-2-2-2-2-2-2-2-2-2-2-2-2-2-2','2-2-2-2-2-2-2-2-2-2-2-2-2-2-2-2','中英'),
 (420,5,2,1,'2014-11-19 08:30:00',100,'2-2-2-2-2-2-2-2-2-2-2-2-2-2-2-2','2-2-2-2-2-2-2-2-2-2-2-2-2-2-2-2','2-2-2-2-2-2-2-2-2-2-2-2-2-2-2-2','2-2-2-2-2-2-2-2-2-2-2-2-2-2-2-2','2-2-2-2-2-2-2-2-2-2-2-2-2-2-2-2','2-2-2-2-2-2-2-2-2-2-2-2-2-2-2-2','2-2-2-2-2-2-2-2-2-2-2-2-2-2-2-2','2-2-2-2-2-2-2-2-2-2-2-2-2-2-2-2','2-2-2-2-2-2-2-2-2-2-2-2-2-2-2-2','中英'),
 (421,5,19,2,'2014-11-19 13:30:00',100,'2-2-2-2-2-2-2-2-2-2-2-2-2-2-2-2','2-2-2-2-2-2-2-2-2-2-2-2-2-2-2-2','2-2-2-2-2-2-2-2-2-2-2-2-2-2-2-2','2-2-2-2-2-2-2-2-2-2-2-2-2-2-2-2','2-2-2-2-2-2-2-2-2-2-2-2-2-2-2-2','2-2-2-2-2-2-2-2-2-2-2-2-2-2-2-2','2-2-2-2-2-2-2-2-2-2-2-2-2-2-2-2','2-2-2-2-2-2-2-2-2-2-2-2-2-2-2-2','2-2-2-2-2-2-2-2-2-2-2-2-2-2-2-2','中英'),
 (422,5,9,3,'2014-11-19 08:30:00',60,'2-2-2-2-2-2-2-2-2-2-2-2-2-2-2-2','2-2-2-2-2-2-2-2-2-2-2-2-2-2-2-2','2-2-2-2-2-2-2-2-2-2-2-2-2-2-2-2','2-2-2-2-2-2-2-2-2-2-2-2-2-2-2-2','2-2-2-2-2-2-2-2-2-2-2-2-2-2-2-2','2-2-2-2-2-2-2-2-2-2-2-2-2-2-2-2','2-2-2-2-2-2-2-2-2-2-2-2-2-2-2-2','2-2-2-2-2-2-2-2-2-2-2-2-2-2-2-2','2-2-2-2-2-2-2-2-2-2-2-2-2-2-2-2','国语'),
 (423,5,10,4,'2014-11-19 18:30:00',100,'2-2-2-2-2-2-2-2-2-2-2-2-2-2-2-2','2-2-2-2-2-2-2-2-2-2-2-2-2-2-2-2','2-2-2-2-2-2-2-2-2-2-2-2-2-2-2-2','2-2-2-2-2-2-2-2-2-2-2-2-2-2-2-2','2-2-2-2-2-2-2-2-2-2-2-2-2-2-2-2','2-2-2-2-2-2-2-2-2-2-2-2-2-2-2-2','2-2-2-2-2-2-2-2-2-2-2-2-2-2-2-2','2-2-2-2-2-2-2-2-2-2-2-2-2-2-2-2','2-2-2-2-2-2-2-2-2-2-2-2-2-2-2-2','中英'),
 (424,5,5,5,'2014-11-19 13:30:00',60,'2-2-2-2-2-2-2-2-2-2-2-2-2-2-2-2','2-2-2-2-2-2-2-2-2-2-2-2-2-2-2-2','2-2-2-2-2-2-2-2-2-2-2-2-2-2-2-2','2-2-2-2-2-2-2-2-2-2-2-2-2-2-2-2','2-2-2-2-2-2-2-2-2-2-2-2-2-2-2-2','2-2-2-2-2-2-2-2-2-2-2-2-2-2-2-2','2-2-2-2-2-2-2-2-2-2-2-2-2-2-2-2','2-2-2-2-2-2-2-2-2-2-2-2-2-2-2-2','2-2-2-2-2-2-2-2-2-2-2-2-2-2-2-2','国语'),
 (425,5,20,6,'2014-11-19 21:00:00',60,'2-2-2-2-2-2-2-2-2-2-2-2-2-2-2-2','2-2-2-2-2-2-2-2-2-2-2-2-2-2-2-2','2-2-2-2-2-2-2-2-2-2-2-2-2-2-2-2','2-2-2-2-2-2-2-2-2-2-2-2-2-2-2-2','2-2-2-2-2-2-2-2-2-2-2-2-2-2-2-2','2-2-2-2-2-2-2-2-2-2-2-2-2-2-2-2','2-2-2-2-2-2-2-2-2-2-2-2-2-2-2-2','2-2-2-2-2-2-2-2-2-2-2-2-2-2-2-2','2-2-2-2-2-2-2-2-2-2-2-2-2-2-2-2','国语'),
 (426,5,7,7,'2014-11-19 11:00:00',60,'2-2-2-2-2-2-2-2-2-2-2-2-2-2-2-2','2-2-2-2-2-2-2-2-2-2-2-2-2-2-2-2','2-2-2-2-2-2-2-2-2-2-2-2-2-2-2-2','2-2-2-2-2-2-2-2-2-2-2-2-2-2-2-2','2-2-2-2-2-2-2-2-2-2-2-2-2-2-2-2','2-2-2-2-2-2-2-2-2-2-2-2-2-2-2-2','2-2-2-2-2-2-2-2-2-2-2-2-2-2-2-2','2-2-2-2-2-2-2-2-2-2-2-2-2-2-2-2','2-2-2-2-2-2-2-2-2-2-2-2-2-2-2-2','国语'),
 (427,5,6,8,'2014-11-19 21:00:00',60,'2-2-2-2-2-2-2-2-2-2-2-2-2-2-2-2','2-2-2-2-2-2-2-2-2-2-2-2-2-2-2-2','2-2-2-2-2-2-2-2-2-2-2-2-2-2-2-2','2-2-2-2-2-2-2-2-2-2-2-2-2-2-2-2','2-2-2-2-2-2-2-2-2-2-2-2-2-2-2-2','2-2-2-2-2-2-2-2-2-2-2-2-2-2-2-2','2-2-2-2-2-2-2-2-2-2-2-2-2-2-2-2','2-2-2-2-2-2-2-2-2-2-2-2-2-2-2-2','2-2-2-2-2-2-2-2-2-2-2-2-2-2-2-2','国语'),
 (428,6,4,1,'2014-11-19 11:00:00',100,'2-2-2-2-2-2-2-2-2-2-2-2-2-2-2-2','2-2-2-2-2-2-2-2-2-2-2-2-2-2-2-2','2-2-2-2-2-2-2-2-2-2-2-2-2-2-2-2','2-2-2-2-2-2-2-2-2-2-2-2-2-2-2-2','2-2-2-2-2-2-2-2-2-2-2-2-2-2-2-2','2-2-2-2-2-2-2-2-2-2-2-2-2-2-2-2','2-2-2-2-2-2-2-2-2-2-2-2-2-2-2-2','2-2-2-2-2-2-2-2-2-2-2-2-2-2-2-2','2-2-2-2-2-2-2-2-2-2-2-2-2-2-2-2','中英'),
 (429,6,3,2,'2014-11-19 11:00:00',100,'2-2-2-2-2-2-2-2-2-2-2-2-2-2-2-2','2-2-2-2-2-2-2-2-2-2-2-2-2-2-2-2','2-2-2-2-2-2-2-2-2-2-2-2-2-2-2-2','2-2-2-2-2-2-2-2-2-2-2-2-2-2-2-2','2-2-2-2-2-2-2-2-2-2-2-2-2-2-2-2','2-2-2-2-2-2-2-2-2-2-2-2-2-2-2-2','2-2-2-2-2-2-2-2-2-2-2-2-2-2-2-2','2-2-2-2-2-2-2-2-2-2-2-2-2-2-2-2','2-2-2-2-2-2-2-2-2-2-2-2-2-2-2-2','中英'),
 (430,6,9,3,'2014-11-19 08:30:00',60,'2-2-2-2-2-2-2-2-2-2-2-2-2-2-2-2','2-2-2-2-2-2-2-2-2-2-2-2-2-2-2-2','2-2-2-2-2-2-2-2-2-2-2-2-2-2-2-2','2-2-2-2-2-2-2-2-2-2-2-2-2-2-2-2','2-2-2-2-2-2-2-2-2-2-2-2-2-2-2-2','2-2-2-2-2-2-2-2-2-2-2-2-2-2-2-2','2-2-2-2-2-2-2-2-2-2-2-2-2-2-2-2','2-2-2-2-2-2-2-2-2-2-2-2-2-2-2-2','2-2-2-2-2-2-2-2-2-2-2-2-2-2-2-2','国语'),
 (431,6,23,4,'2014-11-19 16:00:00',90,'2-2-2-2-2-2-2-2-2-2-2-2-2-2-2-2','2-2-2-2-2-2-2-2-2-2-2-2-2-2-2-2','2-2-2-2-2-2-2-2-2-2-2-2-2-2-2-2','2-2-2-2-2-2-2-2-2-2-2-2-2-2-2-2','2-2-2-2-2-2-2-2-2-2-2-2-2-2-2-2','2-2-2-2-2-2-2-2-2-2-2-2-2-2-2-2','2-2-2-2-2-2-2-2-2-2-2-2-2-2-2-2','2-2-2-2-2-2-2-2-2-2-2-2-2-2-2-2','2-2-2-2-2-2-2-2-2-2-2-2-2-2-2-2','国语'),
 (432,6,3,5,'2014-11-19 13:30:00',100,'2-2-2-2-2-2-2-2-2-2-2-2-2-2-2-2','2-2-2-2-2-2-2-2-2-2-2-2-2-2-2-2','2-2-2-2-2-2-2-2-2-2-2-2-2-2-2-2','2-2-2-2-2-2-2-2-2-2-2-2-2-2-2-2','2-2-2-2-2-2-2-2-2-2-2-2-2-2-2-2','2-2-2-2-2-2-2-2-2-2-2-2-2-2-2-2','2-2-2-2-0-0-0-0-0-0-2-2-2-2-2-2','2-2-2-2-2-2-2-2-2-2-2-2-2-2-2-2','2-2-2-2-2-2-2-2-2-2-2-2-2-2-2-2','中英'),
 (433,6,26,6,'2014-11-19 18:30:00',100,'2-2-2-2-2-2-2-2-2-2-2-2-2-2-2-2','2-2-2-2-2-2-2-2-2-2-2-2-2-2-2-2','2-2-2-2-2-2-2-2-2-2-2-2-2-2-2-2','2-2-2-2-2-2-2-2-2-2-2-2-2-2-2-2','2-2-2-2-2-2-2-2-2-2-2-2-2-2-2-2','2-2-2-2-2-2-2-2-2-2-2-2-2-2-2-2','2-2-2-2-2-2-2-2-2-2-2-2-2-2-2-2','2-2-2-2-2-2-2-2-2-2-2-2-2-2-2-2','2-2-2-2-2-2-2-2-2-2-2-2-2-2-2-2','中英'),
 (434,6,2,7,'2014-11-19 11:00:00',100,'2-2-2-2-2-2-2-2-2-2-2-2-2-2-2-2','2-2-2-2-2-2-2-2-2-2-2-2-2-2-2-2','2-2-2-2-2-2-2-2-2-2-2-2-2-2-2-2','2-2-2-2-2-2-2-2-2-2-2-2-2-2-2-2','2-2-2-2-2-2-2-2-2-2-2-2-2-2-2-2','2-2-2-2-2-2-2-2-2-2-2-2-2-2-2-2','2-2-2-2-2-2-2-2-2-2-2-2-2-2-2-2','2-2-2-2-2-2-2-2-2-2-2-2-2-2-2-2','2-2-2-2-2-2-2-2-2-2-2-2-2-2-2-2','中英'),
 (435,6,10,8,'2014-11-19 13:30:00',65,'2-2-2-2-2-2-2-2-2-2-2-2-2-2-2-2','2-2-2-2-2-2-2-2-2-2-2-2-2-2-2-2','2-2-2-2-2-2-2-2-2-2-2-2-2-2-2-2','2-2-2-2-2-2-2-2-2-2-2-2-2-2-2-2','2-2-2-2-2-2-2-2-2-2-2-2-2-2-2-2','2-2-2-2-2-2-2-2-2-2-2-2-2-2-2-2','2-2-2-2-2-2-2-2-2-2-2-2-2-2-2-2','2-2-2-2-2-2-2-2-2-2-2-2-2-2-2-2','2-2-2-2-2-2-2-2-2-2-2-2-2-2-2-2','国语'),
 (436,7,5,1,'2014-11-19 08:30:00',60,'2-2-2-2-2-2-2-2-2-2-2-2-2-2-2-2','2-2-2-2-2-2-2-2-2-2-2-2-2-2-2-2','2-2-2-2-2-2-2-2-2-2-2-2-2-2-2-2','2-2-2-2-2-2-2-2-2-2-2-2-2-2-2-2','2-2-2-2-2-2-2-2-2-2-2-2-2-2-2-2','2-2-2-2-2-2-2-2-2-2-2-2-2-2-2-2','2-2-2-2-2-2-2-2-2-2-2-2-2-2-2-2','2-2-2-2-2-2-2-2-2-2-2-2-2-2-2-2','2-2-2-2-2-2-2-2-2-2-2-2-2-2-2-2','国语'),
 (437,7,22,2,'2014-11-19 11:00:00',65,'2-2-2-2-2-2-2-2-2-2-2-2-2-2-2-2','2-2-2-2-2-2-2-2-2-2-2-2-2-2-2-2','2-2-2-2-2-2-2-2-2-2-2-2-2-2-2-2','2-2-2-2-2-2-2-2-2-2-2-2-2-2-2-2','2-2-2-2-2-2-2-2-2-2-2-2-2-2-2-2','2-2-2-2-2-2-2-2-2-2-2-2-2-2-2-2','2-2-2-2-2-2-2-2-2-2-2-2-2-2-2-2','2-2-2-2-2-2-2-2-2-2-2-2-2-2-2-2','2-2-2-2-2-2-2-2-2-2-2-2-2-2-2-2','国语'),
 (438,7,27,3,'2014-11-19 11:00:00',90,'2-2-2-2-2-2-2-2-2-2-2-2-2-2-2-2','2-2-2-2-2-2-2-2-2-2-2-2-2-2-2-2','2-2-2-2-2-2-2-2-2-2-2-2-2-2-2-2','2-2-2-2-2-2-2-2-2-2-2-2-2-2-2-2','2-2-2-2-2-2-2-2-2-2-2-2-2-2-2-2','2-2-2-2-2-2-2-2-2-2-2-2-2-2-2-2','2-2-2-2-2-2-2-2-2-2-2-2-2-2-2-2','2-2-2-2-2-2-2-2-2-2-2-2-2-2-2-2','2-2-2-2-2-2-2-2-2-2-2-2-2-2-2-2','国语'),
 (439,7,7,4,'2014-11-19 16:00:00',60,'2-2-2-2-2-2-2-2-2-2-2-2-2-2-2-2','2-2-2-2-2-2-2-2-2-2-2-2-2-2-2-2','2-2-2-2-2-2-2-2-2-2-2-2-2-2-2-2','2-2-2-2-2-2-2-2-2-2-2-2-2-2-2-2','2-2-2-2-2-2-2-2-2-2-2-2-2-2-2-2','2-2-2-2-2-2-2-2-2-2-2-2-2-2-2-2','2-2-2-2-2-2-2-2-2-2-2-2-2-2-2-2','2-2-2-2-2-2-2-2-2-2-2-2-2-2-2-2','2-2-2-2-2-2-2-2-2-2-2-2-2-2-2-2','国语'),
 (440,7,4,5,'2014-11-19 13:30:00',100,'2-2-2-2-2-2-2-2-2-2-2-2-2-2-2-2','2-2-2-2-2-2-2-2-2-2-2-2-2-2-2-2','2-2-2-2-2-2-2-2-2-2-2-2-2-2-2-2','2-2-2-2-2-2-2-2-2-2-2-2-2-2-2-2','2-2-2-2-2-2-2-2-2-2-2-2-2-2-2-2','2-2-2-2-2-2-2-2-2-2-2-2-2-2-2-2','2-2-2-2-2-2-2-2-2-2-2-2-2-2-2-2','2-2-2-2-2-2-2-2-2-2-2-2-2-2-2-2','2-2-2-2-2-2-2-2-2-2-2-2-2-2-2-2','中英'),
 (441,7,19,6,'2014-11-19 16:00:00',100,'2-2-2-2-2-2-2-2-2-2-2-2-2-2-2-2','2-2-2-2-2-2-2-2-2-2-2-2-2-2-2-2','2-2-2-2-2-2-2-2-2-2-2-2-2-2-2-2','2-2-2-2-2-2-2-2-2-2-2-2-2-2-2-2','2-2-2-2-2-2-2-2-2-2-2-2-2-2-2-2','2-2-2-2-2-2-2-2-2-2-2-2-2-2-2-2','2-2-2-2-2-2-2-2-2-2-2-2-2-2-2-2','2-2-2-2-2-2-2-2-2-2-2-2-2-2-2-2','2-2-2-2-2-2-2-2-2-2-2-2-2-2-2-2','中英'),
 (442,7,9,7,'2014-11-19 18:30:00',60,'2-2-2-2-2-2-2-2-2-2-2-2-2-2-2-2','2-2-2-2-2-2-2-2-2-2-2-2-2-2-2-2','2-2-2-2-2-2-2-2-2-2-2-2-2-2-2-2','2-2-2-2-2-2-2-2-2-2-2-2-2-2-2-2','2-2-2-2-2-2-2-2-2-2-2-2-2-2-2-2','2-2-2-2-2-2-2-2-2-2-2-2-2-2-2-2','2-2-2-2-2-2-2-2-2-2-2-2-2-2-2-2','2-2-2-2-2-2-2-2-2-2-2-2-2-2-2-2','2-2-2-2-2-2-2-2-2-2-2-2-2-2-2-2','国语'),
 (443,7,1,8,'2014-11-19 21:00:00',120,'2-2-2-2-2-2-2-2-2-2-2-2-2-2-2-2','2-2-2-2-2-2-2-2-2-2-2-2-2-2-2-2','2-2-2-2-2-2-2-2-2-2-2-2-2-2-2-2','2-2-2-2-2-2-2-2-2-2-2-2-2-2-2-2','2-2-2-2-2-2-2-2-2-2-2-2-2-2-2-2','2-2-2-2-2-2-2-2-2-2-2-2-2-2-2-2','2-2-2-2-2-2-2-2-2-2-2-2-2-2-2-2','2-2-2-2-2-2-2-2-2-2-2-2-2-2-2-2','2-2-2-2-2-2-2-2-2-2-2-2-2-2-2-2','中英');
/*!40000 ALTER TABLE `showmoive` ENABLE KEYS */;


--
-- Definition of table `theatres`
--

DROP TABLE IF EXISTS `theatres`;
CREATE TABLE `theatres` (
  `tno` int(11) NOT NULL AUTO_INCREMENT,
  `cno` int(11) DEFAULT NULL,
  `tname` varchar(45) NOT NULL,
  `taddress` varchar(60) NOT NULL,
  `tintro` text NOT NULL,
  `thallnumber` int(11) NOT NULL,
  `ttel` varchar(30) NOT NULL,
  `tseatnumber` int(11) NOT NULL,
  `tspecialinfo` text,
  `tparkloc` text,
  `tbusinfo` text,
  PRIMARY KEY (`tno`),
  KEY `FK_CTNO` (`cno`),
  CONSTRAINT `FK_CTNO` FOREIGN KEY (`cno`) REFERENCES `cities` (`cno`)
) ENGINE=InnoDB AUTO_INCREMENT=24 DEFAULT CHARSET=utf8 COMMENT='用于保存单个电影院的详情';

--
-- Dumping data for table `theatres`
--

/*!40000 ALTER TABLE `theatres` DISABLE KEYS */;
INSERT INTO `theatres` (`tno`,`cno`,`tname`,`taddress`,`tintro`,`thallnumber`,`ttel`,`tseatnumber`,`tspecialinfo`,`tparkloc`,`tbusinfo`) VALUES 
 (1,1,'北京CBD万达广场店','北京市朝阳区建国路93号万达电影城（针织路）','北京CBD万达广场店',8,'4000806060',1426,'周二全天半价；\r\n周三会员生日免费观影；\r\n周四女士半价；\r\n周一、周三至周五12：00（含）前观影半价，IMAX每天首场半价；\r\n半价时段3D、IMAX影片享受七折特惠。','北京市国贸CBD万达商业广场B2停车场','地铁10号线国贸站G出口往东400米；地铁1号线大望路站D出口往西100米；\r\n公交1、11、57、101、112、118、364、488、502、639、640、671、718、810、846、855、930、976路在郎家园站下车即可。'),
 (3,1,'北京石景山万达广场店','石景山区石景山路乙18号万达广场娱乐3楼','北京石景山万达广场店',8,'010-68663399',1607,'周二全天半价；\r\n周三会员生日免费观影；\r\n周四女士半价；\r\n周一、周三至周五12：00（含）前观影半价，IMAX每天首场半价；\r\n半价时段3D、IMAX影片享受七折特惠。','石景山万达商业广场B2停车场','地铁1号线八宝山站往西300米；\r\n地铁1号线八宝山站换乘坐527、546、389、545、941等老山站下车。'),
 (4,1,'北京天通苑龙德广场店','北京市昌平区立汤路186号龙德广场五层','北京天通苑龙德广场店',8,'010-84844742',2017,'周二全天半价；\r\n周三会员生日免费观影；\r\n周四女士半价；\r\n周一、周三至周日12：00（含）前观影半价，半价时段IMAX、3D影片享受七折特惠。','龙德广场B2停车场','地铁5号线天通苑南站；地铁13号线立水桥站；\r\n公交车851、803、426、849、464、985、852、836、417、984、751、858、966、358、643、858、849、465、758、850在天通苑南下车。'),
 (5,2,'天津河东万达广场店','天津市河东区津滨大道53号万达广场C座四层','天津河东万达广场店',8,'022-24189008',1880,'3D电影周一到周五，首场和最后一场半价。','河东万达商业广场A座地下','泰兴南路公交站：客运16、511、605、666、706、28、30、42、47、48、862、912、962路；\r\n东风立交桥公交站：客运16线、机场专线5路、605、666、805、30、42、47、48、608、656、665、847、856、905、912路。'),
 (6,2,'天津金街悦荟广场店','天津市和平区和平路万达广场E座168号','天津金街悦荟广场店',8,'022-27226619',2781,'普通影片（周一至周日）45元，3D影片90元；\r\n3D影片（周一至周五）每天首场、尾场半价。','万达商业广场B1停车场','百货大楼站：观光1、1，西青便民6路、8、14、155、177、609、610、611、619、628、632、633、634、635、638、639、640、641，642、645、646、651、658、670、671、672、676、 680、693、801、804、806、824、832、837、841、870、904、900、905、908、961等。'),
 (7,2,'天津南开劝业场店','天津市南开区三马路6号劝业场6层','天津南开劝业场店',8,'022-27359191',720,'2D电影全天折扣价45元/张；\r\n持学生证、老年证、警官证观看2D电影可享受优惠35元/张。','劝业场西南角店后门停车场','地铁1号线西南角站C出站口旁；\r\n天津商场站 12、168、600、639、645、669、800、837、849、860、863、903、906、952、便民6路公交。'),
 (8,58,'南京建邺万达广场店 ','南京市江东中路98号建邺万达广场娱乐楼四楼','南京建邺万达广场店 ',8,'025-68132777转2',2069,'1、周一、四、五 12：00前半价（包括3D）；\r\n2、周一会员日：2D影片30元/张，3D影片40/张 IMAX影片50/张；\r\n3、周二、周三全天半价（包括3D）；\r\n4、持学生证、军官证半价（单证每天限购一张，仅限本人）。','南京建邺万达广场B1、B2 停车场','地铁2号线集庆门大街站 5号出口往北走 200米；\r\n公交 7路、37路、39路、57路、82路、186路、312路在江东万达广场站下车即可。'),
 (9,58,'南京江宁万达广场店','南京市江宁区竹山路68号江宁万达广场5楼','南京江宁万达广场店',8,'025-68132777',1946,'1、周一，周四，周五12：00前全部半价（IMAX，VIP厅除外）；\r\n2、周二，周三全天半价（IMAX，VIP厅除外）；\r\n3、本人持学生证，军官证，老年证享受5折优惠，教师证不打折。','南京市江宁区万达广场B2停车场','乘地铁1号线南延线在河定桥下(2号出口)，步行至河定桥南站，乘坐江宁区21路在萃文路站下。'),
 (10,58,'南京新街口万达广场店','南京市白下区洪武北路88号新街口万达广场四楼','南京新街口万达广场店',8,'025-68132777-8022',2169,'1、周二、周三全天半价（包括3D）；\r\n2、周一、四、五 12：00前半价（包括3D）；\r\n3、周一会员日：2D影片30元、3D影片40元、 X-LAND影片50元；\r\n4、持学生证、军官证享受观影半价（单证每天 限购一张）。','南京市白下区洪武北路88号新街口万达广场地下停车场','乘地铁1号线新街口站，中央商场往东100米；\r\n乘公交27路、30路、34路、46路、60路、在新街口站下车即可。'),
 (11,77,'无锡滨湖万达广场店 ','无锡市滨湖区梁溪路35号万达广场娱乐楼3层','无锡滨湖万达广场店 ',8,'0510-85878686',1853,'周二全天半价','万达广场地下（西侧）停车场','乘公交2路、41路、52路、59路、71路、89路、95路、G1路、无锡环蠡湖观光专线等。'),
 (12,77,'无锡哥伦布广场店','无锡新区长江北路280号哥伦布广场四楼','无锡哥伦布广场店',8,'0510-68753999',753,'周二全天半价','无锡哥伦布广场B2停车场','乘公交35、30、41、66路直达影城。'),
 (13,77,'无锡惠山万达影城 ','无锡市惠山区吴韵路321号惠山万达广场4楼','无锡惠山万达影城 ',8,'0510—81198688',1573,'1、周二全天半价；\r\n2、周三会员日。','无锡市惠山万达商业广场停车场','乘公交25路、668路在市民广场（区行政服务中心）站下或601路在金都花园站下'),
 (14,35,'合肥包河万达广场店 ','合肥市马鞍山路130号合肥万达广场娱乐楼4层','合肥包河万达广场店 ',8,'0551-2891000',1595,'周二半价','合肥市马鞍山路万达广场B2层N区影城直梯上4楼','乘公交3、6、11、106、118、119、130、132、137、155、161、145、149、154、161、226、302、902 。'),
 (15,35,'合肥天鹅湖万达广场店 ','合肥市政务区南二环路3818号万达广场娱乐楼4层','合肥天鹅湖万达广场店 ',8,'0551-63718100-1',1407,'1、周二全天半价；\r\n2、周一至周五12：00（含）前观影半价（VIP厅除外）。','合肥市天鹅湖万达商业广场B1、B2停车场','市中级人民法院： 13、20\r\n天鹅湖畔小区：41、162、156、18\r\n政务办公区：129、166\r\n笔架山：128'),
 (16,27,'德州阳光新天地店','山东省德州市德城区湖滨南大道259号5、6楼中厅（阳光花园南临）','德州阳光新天地店',8,'0534-8311111',816,'1、周二、周三全天半价，周四网络购票半价（非法定节假日、非情人节、非圣诞节、非平安夜）；\r\n2、全日制大高中学生、军人、残疾人、老人凭个人有效证件观影5折；\r\n3、1.3米以下儿童观影免费（一名成人带一名儿童）。','德州市德城区湖滨南大道259号地下停车场','乘公交11路、13路在阳光花园小区站下车即可。\r\n乘公交1路、5路、12路、22路、107路至中心广场站下车南行1000米；16路、18路、26路、32路、101路、106路至十三局医院南行500米。'),
 (17,90,'郑州二七万达广场店','河南省郑州市大学路航海路交汇处向南200米万达广场2号门4楼','郑州二七万达广场店',8,'0371-86671189',1962,'1、每日12点前观影享受普通2D影片半价、3D、IMAX正价七折；\r\n2、周二观影享受普通2D影片半价、3D、IMAX正价七折；\r\n3、周三会员日，会员观影享2D、3D五折，IMAX60元特惠。\r\n4、凡持有效学生证、军官证、老人证、残疾证，享受普通2D影片半价、3D、IMAX正价七折。','郑州二七万达广场B1、B2停车场','乘公交4路、19路、40路、53路 、111路、202路 、203路 、213路、258路 、317路 、906路、T4路、Y804路在大学路航海路站下车即可。'),
 (18,90,'郑州中原万达广场店 ','郑州市中原区中原中路171号万达广场5-6层','郑州中原万达广场店 ',8,'0371-86671000',1562,'1、每日12点前观影享受普通2D影片半价、3D/IMAX正价七折；\r\n2、周二观影享受普通2D影片半价、3D/IMAX正价七折；\r\n3、周三会员日，会员观影享2D/3D五折，IMAX60元特惠。\r\n4、凡持有效学生证、军官证、老人证、残疾证，享受普通2D影片半价、3D/IMAX正价七折。','郑州市中原区中原中路171号万达广场负1-2层','乘公交66路、60路、37路，916路、210路、12路、204路在中原路华山路站下车即可。'),
 (19,3,'上海宝山万达广场店','上海宝山区共和新路一二八纪念路936号万达广场5楼','上海宝山万达广场店',8,'021-31150880-817',1697,'1、周二、周三全天半价；\r\n2、周一、周四13：00前，21：00后半价（IMAX优惠价，VIP厅除外）；\r\n3、每日11：00前、22：00后特价观影（VIP厅除外）；\r\n4、每周一会员购票享特价（VIP厅除外）；\r\n5、每周四登陆万达电影网在线购票享特价（VIP厅除外）；\r\n6、学生证（全日制本科及本科以下）、军官证、老人证、残疾人证享半价优惠。（IMAX优惠价，VIP厅除外）。','上海市宝山万达商业广场B1、B2停车场','轨道交通：地铁1号线共康路（1号口）；\r\n路面交通：46路、95路、916路、706路、912路。'),
 (20,3,'上海江桥万达广场店 ','上海市嘉定区金沙江西路1075弄49号万达广场三层','上海江桥万达广场店 ',8,'021-31275666',1825,'1、周二周三全天半价；\r\n2、周一、周四13：00前，21：00后半价（IMAX优惠价，VIP厅除外）；\r\n3、每日11：00前、22：00后特价观影（VIP厅除外）；\r\n4、每周一会员购票享特价（VIP厅除外）；\r\n5、每周四登陆万达电影网在线购票享特价（VIP厅除外）；\r\n6、学生证（全日制本科及本科以下）、军官证、老人证、残疾人证享半价优惠。（IMAX优惠价，VIP厅除外）。\r\n1、周二周三全天半价；\r\n2、周一、周四13：00前，21：00后半价（IMAX优惠价，VIP厅除外）；\r\n3、每日11：00前、22：00后特价观影（VIP厅除外）；\r\n4、每周一会员购票享特价（VIP厅除外）；\r\n5、每周四登陆万达电影网在线购票享特价（VIP厅除外）；\r\n6、学生证（全日制本科及本科以下）、军官证、老人证、残疾人证享半价优惠。（IMAX优惠价，VIP厅除外）。\r\n1、周二周三全天半价；\r\n2、周一、周四13：00前，21：00后半价（IMAX优惠价，VIP厅除外）；\r\n3、每日11：00前、22：00后特价观影（VIP厅除外）；\r\n4、每周一会员购票享特价（VIP厅除外）；\r\n5、每周四登陆万达电影网在线购票享特价（VIP厅除外）；\r\n6、学生证（全日制本科及本科以下）、军官证、老人证、残疾人证享半价优惠。（IMAX优惠价，VIP厅除外）。','上海市江桥万达商业广场B1停车场','乘地铁13号线金运路站下；\r\n乘公交：乘江桥2路鹤旋路金运路站（终点站）下车；\r\n乘公交：江桥1路、121路、南嘉线、安虹线、158路、173路华江路金沙江西路站下车。'),
 (21,3,'上海松江万达广场店 ','上海市松江区广富林路692号松江万达广场4楼','上海松江万达广场店 ',8,'021-51213777',2040,'1、周一、周四13：00前、21：00后半价优惠；\r\n2、周二、周三观影全天半价优惠；\r\n3、学生、军官、老年人、残疾人凭有效证件购票可享受正价基础半价优惠（平安夜、圣诞节、情人节、IMAX厅、VIP厅等特殊场次除外）','松江万达商业广场地下一个层面及地上1400余个停车位','乘车路线：地铁9号线、1路、7路、11路、21路、松莘线B线等。'),
 (22,3,'上海五角场万达广场店','上海市杨浦区国宾路58号万达广场三层','上海五角场万达广场店',8,'021-55660926',1965,'1、周二周三全天半价；\r\n2、周一、周四13：00前，21：00后半价（IMAX优惠价，VIP厅除外）；\r\n3、每日每厅早第一场、晚最后一场特价观影（VIP厅除外）；\r\n4、每周一会员购票享特价（VIP厅除外）；\r\n5、每周四登陆万达电影网在线购票享特价（VIP厅除外）；\r\n6、学生证（全日制本科及本科以下）、军官证、老人证、残疾人证享半价优惠。（IMAX优惠价，VIP厅除外）。','上海市杨浦区国宾路五角场万达商业广场B2停车场','轨道交通：\r\n1号线可以坐到火车站换817或者942；\r\n2号线换3号线坐到赤峰路站换139或者854；\r\n4号线坐到海伦路站换910或55或61；\r\n8号线坐到黄兴公园站换812；\r\n10号线坐到江湾体育场。\r\n乘公交：\r\n机场4线、102、942、538、133、139、55、559、59、61、842、850、99、\r\n大桥3线、405、168、61、713、817、854、90、749、大桥5线、991、812、910、937、819。'),
 (23,3,'上海周浦万达广场店','上海市浦东新区年家浜路518号万达广场四层','上海周浦万达广场店',8,'021-38230668',1236,'1、每周一会员购票享特价（VIP厅除外）；\r\n2、周二、周三全天半价；\r\n3、周一、周四13：00前，21：00后半价；（IMAX优惠价，VIP厅除外）；\r\n4、每日11：00前、22：00后特价观影（VIP厅除外）；\r\n5、每周四登陆万达电影网在线购票享特价（VIP厅除外）。\r\n6、学生证（全日制本科及本科以下）、军官证、老人证、残疾人证享半价优惠。（IMAX优惠价，VIP厅除外）；','上海市周浦万达商业广场B1-B2停车场','乘581、451 周康路年家浜东路站下车对面就是；\r\n乘992、975、龙大线、浦卫线、塘邵线、塘四线、周康3路、周康5路沪南公路周康路站往北走50米对面就是；\r\n乘175、639、南新线、川奉线、万野线、川浦线、周南线、年家浜路家得利站下车，然后穿过红绿灯，往东走200米左右。');
/*!40000 ALTER TABLE `theatres` ENABLE KEYS */;


--
-- Definition of table `ticketorders`
--

DROP TABLE IF EXISTS `ticketorders`;
CREATE TABLE `ticketorders` (
  `ono` int(11) NOT NULL AUTO_INCREMENT,
  `uno` int(11) DEFAULT NULL,
  `sno` int(11) DEFAULT NULL,
  `obizcode` varchar(60) NOT NULL,
  `opayway` varchar(20) NOT NULL,
  `ostatus` varchar(20) NOT NULL,
  `otime` datetime NOT NULL,
  `opayplatform` varchar(20) NOT NULL,
  `ocount` int(11) NOT NULL,
  `oquantity1` int(11) NOT NULL,
  `oquantity2` int(11) NOT NULL,
  `oconvertcode` varchar(6) NOT NULL,
  `opaymoney` float NOT NULL,
  `oseats` varchar(30) DEFAULT NULL,
  PRIMARY KEY (`ono`),
  KEY `FK_SNO` (`sno`),
  KEY `FK_UNO` (`uno`),
  CONSTRAINT `FK_SNO` FOREIGN KEY (`sno`) REFERENCES `showmoive` (`sno`),
  CONSTRAINT `FK_UNO` FOREIGN KEY (`uno`) REFERENCES `users` (`uno`)
) ENGINE=InnoDB AUTO_INCREMENT=32 DEFAULT CHARSET=utf8 COMMENT='用于保存订单';

--
-- Dumping data for table `ticketorders`
--

/*!40000 ALTER TABLE `ticketorders` DISABLE KEYS */;
INSERT INTO `ticketorders` (`ono`,`uno`,`sno`,`obizcode`,`opayway`,`ostatus`,`otime`,`opayplatform`,`ocount`,`oquantity1`,`oquantity2`,`oconvertcode`,`opaymoney`,`oseats`) VALUES 
 (30,17,374,'B452268159DB07928E33D892B99396A9141117173440','支付宝','已支付','2014-11-17 17:34:40','网上',3,2,1,'344012',387,'5-6,5-7,5-8'),
 (31,17,249,'DA7A606F4012E256DD7647E7C6D0A069141117131450','支付宝','已支付','2014-11-17 13:14:50','网上',1,0,0,'145025',100,'8-7');
/*!40000 ALTER TABLE `ticketorders` ENABLE KEYS */;


--
-- Definition of table `users`
--

DROP TABLE IF EXISTS `users`;
CREATE TABLE `users` (
  `uno` int(11) NOT NULL AUTO_INCREMENT,
  `uemail` varchar(45) NOT NULL,
  `uname` varchar(45) NOT NULL,
  `usex` char(6) NOT NULL,
  `ubirthday` date NOT NULL,
  `upass` varchar(20) NOT NULL,
  `ulevel` int(11) NOT NULL,
  `uleveltime` int(11) NOT NULL,
  `uintegral` int(11) NOT NULL,
  PRIMARY KEY (`uno`)
) ENGINE=InnoDB AUTO_INCREMENT=18 DEFAULT CHARSET=utf8 COMMENT='用于保存用户的详细信息';

--
-- Dumping data for table `users`
--

/*!40000 ALTER TABLE `users` DISABLE KEYS */;
INSERT INTO `users` (`uno`,`uemail`,`uname`,`usex`,`ubirthday`,`upass`,`ulevel`,`uleveltime`,`uintegral`) VALUES 
 (17,'2413173723@qq.com','2413173723@qq.com','男','2014-11-17','qqqq',1,9999,0);
/*!40000 ALTER TABLE `users` ENABLE KEYS */;


--
-- Definition of view `v_showmoive`
--

DROP TABLE IF EXISTS `v_showmoive`;
DROP VIEW IF EXISTS `v_showmoive`;
CREATE ALGORITHM=UNDEFINED DEFINER=`root`@`localhost` SQL SECURITY DEFINER VIEW `v_showmoive` AS select `m`.`mversion` AS `smversion`,`m`.`mlength` AS `smlength`,`t`.`tname` AS `stname`,`m`.`mname` AS `smname`,`s`.`sno` AS `sno`,`s`.`tno` AS `tno`,`s`.`mno` AS `mno`,`s`.`shallno` AS `shallno`,`s`.`stime` AS `stime`,`s`.`sprice` AS `sprice`,`s`.`sseatsatust1` AS `sseatsatust1`,`s`.`sseatsatust2` AS `sseatsatust2`,`s`.`sseatsatust3` AS `sseatsatust3`,`s`.`sseatsatust4` AS `sseatsatust4`,`s`.`sseatsatust5` AS `sseatsatust5`,`s`.`sseatsatust6` AS `sseatsatust6`,`s`.`sseatsatust7` AS `sseatsatust7`,`s`.`sseatsatust8` AS `sseatsatust8`,`s`.`sseatsatust9` AS `sseatsatust9`,`s`.`slanguage` AS `slanguage`,`t`.`cno` AS `cno` from ((`showmoive` `s` join `theatres` `t`) join `movies` `m`) where ((`s`.`mno` = `m`.`mno`) and (`s`.`tno` = `t`.`tno`));



/*!40101 SET SQL_MODE=@OLD_SQL_MODE */;
/*!40014 SET FOREIGN_KEY_CHECKS=@OLD_FOREIGN_KEY_CHECKS */;
/*!40014 SET UNIQUE_CHECKS=@OLD_UNIQUE_CHECKS */;
/*!40101 SET CHARACTER_SET_CLIENT=@OLD_CHARACTER_SET_CLIENT */;
/*!40101 SET CHARACTER_SET_RESULTS=@OLD_CHARACTER_SET_RESULTS */;
/*!40101 SET COLLATION_CONNECTION=@OLD_COLLATION_CONNECTION */;
/*!40101 SET CHARACTER_SET_CLIENT=@OLD_CHARACTER_SET_CLIENT */;
